,postcode,locality
6202,3000,MELBOURNE
6203,3001,MELBOURNE
6204,3002,EAST MELBOURNE
6205,3003,WEST MELBOURNE
6206,3004,MELBOURNE
6207,3004,ST KILDA ROAD CENTRAL
6208,3004,ST KILDA ROAD MELBOURNE
6209,3005,WORLD TRADE CENTRE
6210,3006,SOUTH WHARF
6211,3006,SOUTHBANK
6212,3008,DOCKLANDS
6213,3010,UNIVERSITY OF MELBOURNE
6214,3011,FOOTSCRAY
6215,3011,SEDDON
6216,3011,SEDDON WEST
6217,3012,BROOKLYN
6218,3012,KINGSVILLE
6219,3012,KINGSVILLE WEST
6220,3012,MAIDSTONE
6221,3012,TOTTENHAM
6222,3012,WEST FOOTSCRAY
6223,3013,YARRAVILLE
6224,3013,YARRAVILLE WEST
6225,3015,NEWPORT
6226,3015,SOUTH KINGSVILLE
6227,3015,SPOTSWOOD
6228,3016,WILLIAMSTOWN
6229,3016,WILLIAMSTOWN NORTH
6230,3018,ALTONA
6231,3018,SEAHOLME
6232,3019,BRAYBROOK
6233,3019,BRAYBROOK NORTH
6234,3019,ROBINSON
6235,3020,ALBION
6236,3020,GLENGALA
6237,3020,SUNSHINE
6238,3020,SUNSHINE NORTH
6239,3020,SUNSHINE WEST
6240,3021,ALBANVALE
6241,3021,KEALBA
6242,3021,KINGS PARK
6243,3021,ST ALBANS
6244,3022,ARDEER
6245,3022,DEER PARK EAST
6246,3023,BURNSIDE
6247,3023,BURNSIDE HEIGHTS
6248,3023,CAIRNLEA
6249,3023,CAROLINE SPRINGS
6250,3023,DEER PARK
6251,3023,DEER PARK NORTH
6252,3023,RAVENHALL
6253,3024,FIELDSTONE
6254,3024,MAMBOURIN
6255,3024,MANOR LAKES
6256,3024,MOUNT COTTRELL
6257,3024,WYNDHAM VALE
6258,3025,ALTONA EAST
6259,3025,ALTONA GATE
6260,3025,ALTONA NORTH
6261,3026,DERRIMUT
6262,3026,LAVERTON NORTH
6263,3027,LAVERTON RAAF
6264,3027,WILLIAMS LANDING
6265,3027,WILLIAMS RAAF
6266,3028,ALTONA MEADOWS
6267,3028,LAVERTON
6268,3028,SEABROOK
6269,3029,HOPPERS CROSSING
6270,3029,TARNEIT
6271,3029,TRUGANINA
6272,3030,CHARTWELL
6273,3030,COCOROC
6274,3030,POINT COOK
6275,3030,QUANDONG
6276,3030,WERRIBEE
6277,3030,WERRIBEE SOUTH
6278,3031,FLEMINGTON
6279,3031,KENSINGTON
6280,3032,ASCOT VALE
6281,3032,HIGHPOINT CITY
6282,3032,MARIBYRNONG
6283,3032,TRAVANCORE
6284,3033,KEILOR EAST
6285,3034,AVONDALE HEIGHTS
6286,3036,KEILOR
6287,3036,KEILOR NORTH
6288,3037,CALDER PARK
6289,3037,DELAHEY
6290,3037,HILLSIDE
6291,3037,PLUMPTON
6292,3037,SYDENHAM
6293,3037,TAYLORS HILL
6294,3038,KEILOR DOWNS
6295,3038,KEILOR LODGE
6296,3038,TAYLORS LAKES
6297,3038,WATERGARDENS
6298,3039,MOONEE PONDS
6299,3040,ABERFELDIE
6300,3040,ESSENDON
6301,3040,ESSENDON WEST
6302,3041,CROSS KEYS
6303,3041,ESSENDON FIELDS
6304,3041,ESSENDON NORTH
6305,3041,STRATHMORE
6306,3041,STRATHMORE HEIGHTS
6307,3042,AIRPORT WEST
6308,3042,KEILOR PARK
6309,3042,NIDDRIE
6310,3042,NIDDRIE NORTH
6311,3043,GLADSTONE PARK
6312,3043,GOWANBRAE
6313,3043,TULLAMARINE
6314,3044,PASCOE VALE
6315,3044,PASCOE VALE SOUTH
6316,3045,MELBOURNE AIRPORT
6317,3046,GLENROY
6318,3046,HADFIELD
6319,3046,OAK PARK
6320,3047,BROADMEADOWS
6321,3047,DALLAS
6322,3047,JACANA
6323,3048,COOLAROO
6324,3048,MEADOW HEIGHTS
6325,3049,ATTWOOD
6326,3049,WESTMEADOWS
6327,3050,ROYAL MELBOURNE HOSPITAL
6328,3051,HOTHAM HILL
6329,3051,NORTH MELBOURNE
6330,3052,MELBOURNE UNIVERSITY
6331,3052,PARKVILLE
6332,3053,CARLTON
6333,3053,CARLTON SOUTH
6334,3054,CARLTON NORTH
6335,3054,PRINCES HILL
6336,3055,BRUNSWICK SOUTH
6337,3055,BRUNSWICK WEST
6338,3055,MOONEE VALE
6339,3055,MORELAND WEST
6340,3056,BRUNSWICK
6341,3056,BRUNSWICK LOWER
6342,3056,BRUNSWICK NORTH
6343,3057,BRUNSWICK EAST
6344,3057,LYGON STREET NORTH
6345,3057,SUMNER
6346,3058,BATMAN
6347,3058,COBURG
6348,3058,COBURG NORTH
6349,3058,MERLYNSTON
6350,3058,MORELAND
6351,3059,GREENVALE
6352,3060,FAWKNER
6353,3060,FAWKNER EAST
6354,3060,FAWKNER NORTH
6355,3061,CAMPBELLFIELD
6356,3062,SOMERTON
6357,3063,OAKLANDS JUNCTION
6358,3063,YUROKE
6359,3064,CRAIGIEBURN
6360,3064,DONNYBROOK
6361,3064,KALKALLO
6362,3064,MICKLEHAM
6363,3064,ROXBURGH PARK
6364,3065,FITZROY
6365,3066,COLLINGWOOD
6366,3066,COLLINGWOOD NORTH
6367,3067,ABBOTSFORD
6368,3068,CLIFTON HILL
6369,3068,FITZROY NORTH
6370,3070,NORTHCOTE
6371,3070,NORTHCOTE SOUTH
6372,3071,THORNBURY
6373,3072,GILBERTON
6374,3072,NORTHLAND CENTRE
6375,3072,PRESTON
6376,3072,PRESTON LOWER
6377,3072,PRESTON SOUTH
6378,3072,PRESTON WEST
6379,3072,REGENT WEST
6380,3072,SYLVESTER
6381,3073,KEON PARK
6382,3073,RESERVOIR
6383,3073,RESERVOIR EAST
6384,3073,RESERVOIR NORTH
6385,3073,RESERVOIR SOUTH
6386,3074,THOMASTOWN
6387,3075,LALOR
6388,3075,LALOR PLAZA
6389,3076,EPPING
6390,3076,EPPING DC
6391,3078,ALPHINGTON
6392,3078,FAIRFIELD
6393,3079,IVANHOE
6394,3079,IVANHOE EAST
6395,3079,IVANHOE NORTH
6396,3081,BELLFIELD
6397,3081,HEIDELBERG HEIGHTS
6398,3081,HEIDELBERG RGH
6399,3081,HEIDELBERG WEST
6400,3082,MILL PARK
6401,3083,BUNDOORA
6402,3083,KINGSBURY
6403,3083,LA TROBE UNIVERSITY
6404,3084,BANYULE
6405,3084,EAGLEMONT
6406,3084,HEIDELBERG
6407,3084,ROSANNA
6408,3084,VIEWBANK
6409,3085,MACLEOD
6410,3085,MACLEOD WEST
6411,3085,YALLAMBIE
6412,3086,LA TROBE UNIVERSITY
6413,3087,WATSONIA
6414,3087,WATSONIA NORTH
6415,3088,BRIAR HILL
6416,3088,GREENSBOROUGH
6417,3088,SAINT HELENA
6418,3088,ST HELENA
6419,3089,DIAMOND CREEK
6420,3090,PLENTY
6421,3091,YARRAMBAT
6422,3093,LOWER PLENTY
6423,3094,MONTMORENCY
6424,3095,ELTHAM
6425,3095,ELTHAM NORTH
6426,3095,RESEARCH
6427,3096,WATTLE GLEN
6428,3097,BEND OF ISLANDS
6429,3097,KANGAROO GROUND
6430,3097,WATSONS CREEK
6431,3099,ARTHURS CREEK
6432,3099,COTTLES BRIDGE
6433,3099,HURSTBRIDGE
6434,3099,NUTFIELD
6435,3099,STRATHEWEN
6436,3101,COTHAM
6437,3101,KEW
6438,3102,KEW EAST
6439,3103,BALWYN
6440,3103,BALWYN EAST
6441,3103,DEEPDENE
6442,3103,DEEPDENE DC
6443,3103,STRADBROKE PARK
6444,3104,BALWYN NORTH
6445,3104,GREYTHORN
6446,3105,BULLEEN
6447,3105,BULLEEN SOUTH
6448,3106,TEMPLESTOWE
6449,3107,TEMPLESTOWE LOWER
6450,3108,DONCASTER
6451,3109,DONCASTER EAST
6452,3109,DONCASTER HEIGHTS
6453,3109,THE PINES
6454,3109,TUNSTALL SQUARE PO
6455,3111,DONVALE
6456,3113,NORTH WARRANDYTE
6457,3113,WARRANDYTE
6458,3114,PARK ORCHARDS
6459,3115,WONGA PARK
6460,3116,CHIRNSIDE PARK
6461,3121,BURNLEY
6462,3121,BURNLEY NORTH
6463,3121,CREMORNE
6464,3121,RICHMOND
6465,3121,RICHMOND EAST
6466,3121,RICHMOND NORTH
6467,3121,RICHMOND SOUTH
6468,3121,VICTORIA GARDENS
6469,3122,AUBURN SOUTH
6470,3122,GLENFERRIE SOUTH
6471,3122,HAWTHORN
6472,3122,HAWTHORN NORTH
6473,3122,HAWTHORN WEST
6474,3123,AUBURN
6475,3123,HAWTHORN EAST
6476,3124,CAMBERWELL
6477,3124,CAMBERWELL NORTH
6478,3124,CAMBERWELL SOUTH
6479,3124,CAMBERWELL WEST
6480,3124,HARTWELL
6481,3124,MIDDLE CAMBERWELL
6482,3125,BENNETTSWOOD
6483,3125,BURWOOD
6484,3125,SURREY HILLS SOUTH
6485,3126,CAMBERWELL EAST
6486,3126,CANTERBURY
6487,3127,MONT ALBERT
6488,3127,SURREY HILLS
6489,3127,SURREY HILLS NORTH
6490,3128,BOX HILL
6491,3128,BOX HILL CENTRAL
6492,3128,BOX HILL SOUTH
6493,3128,HOUSTON
6494,3128,WATTLE PARK
6495,3129,BOX HILL NORTH
6496,3129,KERRIMUIR
6497,3129,MONT ALBERT NORTH
6498,3130,BLACKBURN
6499,3130,BLACKBURN NORTH
6500,3130,BLACKBURN SOUTH
6501,3130,LABURNUM
6502,3131,BRENTFORD SQUARE
6503,3131,FOREST HILL
6504,3131,NUNAWADING
6505,3132,MITCHAM
6506,3132,MITCHAM NORTH
6507,3132,RANGEVIEW
6508,3133,VERMONT
6509,3133,VERMONT SOUTH
6510,3134,HEATHWOOD
6511,3134,RINGWOOD
6512,3134,RINGWOOD NORTH
6513,3134,WARRANDYTE SOUTH
6514,3134,WARRANWOOD
6515,3135,BEDFORD ROAD
6516,3135,HEATHMONT
6517,3135,RINGWOOD EAST
6518,3136,CROYDON
6519,3136,CROYDON HILLS
6520,3136,CROYDON NORTH
6521,3136,CROYDON SOUTH
6522,3137,KILSYTH
6523,3137,KILSYTH SOUTH
6524,3138,MOOROOLBARK
6525,3139,BEENAK
6526,3139,DON VALLEY
6527,3139,HODDLES CREEK
6528,3139,LAUNCHING PLACE
6529,3139,SEVILLE
6530,3139,SEVILLE EAST
6531,3139,WANDIN EAST
6532,3139,WANDIN NORTH
6533,3139,WOORI YALLOCK
6534,3139,YELLINGBO
6535,3140,LILYDALE
6536,3141,CHAPEL STREET NORTH
6537,3141,DOMAIN ROAD PO
6538,3141,SOUTH YARRA
6539,3142,HAWKSBURN
6540,3142,TOORAK
6541,3143,ARMADALE
6542,3143,ARMADALE NORTH
6543,3144,KOOYONG
6544,3144,MALVERN
6545,3144,MALVERN NORTH
6546,3145,CAULFIELD EAST
6547,3145,CENTRAL PARK
6548,3145,DARLING
6549,3145,DARLING SOUTH
6550,3145,MALVERN EAST
6551,3145,WATTLETREE ROAD PO
6552,3146,GLEN IRIS
6553,3146,TOORONGA
6554,3147,ASHBURTON
6555,3147,ASHWOOD
6556,3148,CHADSTONE
6557,3148,CHADSTONE CENTRE
6558,3148,HOLMESGLEN
6559,3148,JORDANVILLE
6560,3149,MOUNT WAVERLEY
6561,3149,PINEWOOD
6562,3149,SYNDAL
6563,3150,BRANDON PARK
6564,3150,GLEN WAVERLEY
6565,3150,WHEELERS HILL
6566,3151,BURWOOD EAST
6567,3151,BURWOOD HEIGHTS
6568,3152,KNOX CITY CENTRE
6569,3152,STUDFIELD
6570,3152,WANTIRNA
6571,3152,WANTIRNA SOUTH
6572,3153,BAYSWATER
6573,3153,BAYSWATER NORTH
6574,3154,THE BASIN
6575,3155,BORONIA
6576,3156,FERNTREE GULLY
6577,3156,LYSTERFIELD
6578,3156,LYSTERFIELD SOUTH
6579,3156,MOUNTAIN GATE
6580,3156,UPPER FERNTREE GULLY
6581,3158,UPWEY
6582,3159,MENZIES CREEK
6583,3159,SELBY
6584,3160,BELGRAVE
6585,3160,BELGRAVE HEIGHTS
6586,3160,BELGRAVE SOUTH
6587,3160,TECOMA
6588,3161,CAULFIELD JUNCTION
6589,3161,CAULFIELD NORTH
6590,3162,CAULFIELD
6591,3162,CAULFIELD SOUTH
6592,3162,HOPETOUN GARDENS
6593,3163,BOORAN ROAD PO
6594,3163,CARNEGIE
6595,3163,GLEN HUNTLY
6596,3163,MURRUMBEENA
6597,3164,DANDENONG SOUTH
6598,3165,BENTLEIGH EAST
6599,3165,COATESVILLE
6600,3166,HUGHESDALE
6601,3166,HUNTINGDALE
6602,3166,OAKLEIGH
6603,3166,OAKLEIGH EAST
6604,3167,OAKLEIGH SOUTH
6605,3168,CLAYTON
6606,3168,NOTTING HILL
6607,3169,CLARINDA
6608,3169,CLAYTON SOUTH
6609,3170,MULGRAVE
6610,3170,WAVERLEY GARDENS
6611,3171,SANDOWN VILLAGE
6612,3171,SPRINGVALE
6613,3172,DINGLEY VILLAGE
6614,3172,SPRINGVALE SOUTH
6615,3173,KEYSBOROUGH
6616,3174,NOBLE PARK
6617,3174,NOBLE PARK EAST
6618,3174,NOBLE PARK NORTH
6619,3175,BANGHOLME
6620,3175,DANDENONG
6621,3175,DANDENONG EAST
6622,3175,DANDENONG NORTH
6623,3175,DANDENONG SOUTH
6624,3175,DUNEARN
6625,3176,SCORESBY BC
6626,3177,DOVETON
6627,3177,EUMEMMERRING
6628,3178,ROWVILLE
6629,3179,SCORESBY
6630,3180,KNOXFIELD
6631,3181,PRAHRAN
6632,3181,PRAHRAN EAST
6633,3181,WINDSOR
6634,3182,ST KILDA
6635,3182,ST KILDA SOUTH
6636,3182,ST KILDA WEST
6637,3183,BALACLAVA
6638,3183,ST KILDA EAST
6639,3184,BRIGHTON ROAD
6640,3184,ELWOOD
6641,3185,ELSTERNWICK
6642,3185,GARDENVALE
6643,3185,RIPPONLEA
6644,3186,BRIGHTON
6645,3186,BRIGHTON NORTH
6646,3186,DENDY
6647,3186,WERE STREET PO
6648,3187,BRIGHTON EAST
6649,3187,NORTH ROAD
6650,3188,HAMPTON
6651,3188,HAMPTON EAST
6652,3188,HAMPTON NORTH
6653,3189,MOORABBIN
6654,3189,MOORABBIN EAST
6655,3189,WISHART
6656,3190,HIGHETT
6657,3191,SANDRINGHAM
6658,3192,CHELTENHAM
6659,3192,CHELTENHAM EAST
6660,3192,CHELTENHAM NORTH
6661,3192,SOUTHLAND CENTRE
6662,3193,BEAUMARIS
6663,3193,BLACK ROCK
6664,3193,BLACK ROCK NORTH
6665,3193,CROMER
6666,3194,MENTONE
6667,3194,MENTONE EAST
6668,3194,MOORABBIN AIRPORT
6669,3195,ASPENDALE
6670,3195,ASPENDALE GARDENS
6671,3195,BRAESIDE
6672,3195,MORDIALLOC
6673,3195,MORDIALLOC NORTH
6674,3195,PARKDALE
6675,3195,WATERWAYS
6676,3196,BONBEACH
6677,3196,CHELSEA
6678,3196,CHELSEA HEIGHTS
6679,3196,EDITHVALE
6680,3197,CARRUM
6681,3197,PATTERSON LAKES
6682,3198,BELVEDERE PARK
6683,3198,SEAFORD
6684,3199,FRANKSTON
6685,3199,FRANKSTON EAST
6686,3199,FRANKSTON HEIGHTS
6687,3199,FRANKSTON SOUTH
6688,3199,KARINGAL
6689,3199,KARINGAL CENTRE
6690,3200,FRANKSTON NORTH
6691,3200,PINES FOREST
6692,3201,CARRUM DOWNS
6693,3202,HEATHERTON
6694,3204,BENTLEIGH
6695,3204,MCKINNON
6696,3204,ORMOND
6697,3204,PATTERSON
6698,3205,SOUTH MELBOURNE
6699,3205,SOUTH MELBOURNE DC
6700,3206,ALBERT PARK
6701,3206,MIDDLE PARK
6702,3207,GARDEN CITY
6703,3207,PORT MELBOURNE
6704,3211,LITTLE RIVER
6705,3212,AVALON
6706,3212,LARA
6707,3212,POINT WILSON
6708,3213,ANAKIE
6709,3213,BATESFORD
6710,3213,LOVELY BANKS
6711,3213,MOORABOOL
6712,3214,CORIO
6713,3214,NORLANE
6714,3214,NORTH SHORE
6715,3215,BELL PARK
6716,3215,BELL POST HILL
6717,3215,DRUMCONDRA
6718,3215,GEELONG NORTH
6719,3215,HAMLYN HEIGHTS
6720,3215,NORTH GEELONG
6721,3215,RIPPLESIDE
6722,3216,BELMONT
6723,3216,FRESHWATER CREEK
6724,3216,GROVEDALE
6725,3216,GROVEDALE EAST
6726,3216,HIGHTON
6727,3216,MARSHALL
6728,3216,MOUNT DUNEED
6729,3216,WANDANA HEIGHTS
6730,3216,WAURN PONDS
6731,3217,ARMSTRONG CREEK
6732,3217,CHARLEMONT
6733,3217,DEAKIN UNIVERSITY
6734,3217,FRESHWATER CREEK
6735,3217,MOUNT DUNEED
6736,3218,FYANSFORD
6737,3218,GEELONG WEST
6738,3218,HERNE HILL
6739,3218,MANIFOLD HEIGHTS
6740,3218,MURGHEBOLUC
6741,3218,STONEHAVEN
6742,3219,BREAKWATER
6743,3219,EAST GEELONG
6744,3219,NEWCOMB
6745,3219,ST ALBANS PARK
6746,3219,THOMSON
6747,3219,WHITTINGTON
6748,3220,BAREENA
6749,3220,GEELONG
6750,3220,NEWTOWN
6751,3220,SOUTH GEELONG
6752,3221,ANAKIE
6753,3221,BARRABOOL
6754,3221,BATESFORD
6755,3221,BELLARINE
6756,3221,CERES
6757,3221,FYANSFORD
6758,3221,GEELONG MC
6759,3221,GNARWARRE
6760,3221,GREY RIVER
6761,3221,KENNETT RIVER
6762,3221,LOVELY BANKS
6763,3221,MOOLAP
6764,3221,MOORABOOL
6765,3221,MURGHEBOLUC
6766,3221,SEPARATION CREEK
6767,3221,STAUGHTON VALE
6768,3221,STONEHAVEN
6769,3221,SUGARLOAF
6770,3221,WALLINGTON
6771,3221,WONGARRA
6772,3221,WYE RIVER
6773,3222,CLIFTON SPRINGS
6774,3222,CURLEWIS
6775,3222,DRYSDALE
6776,3222,MANNERIM
6777,3222,MARCUS HILL
6778,3222,WALLINGTON
6779,3223,BELLARINE
6780,3223,INDENTED HEAD
6781,3223,PORTARLINGTON
6782,3223,ST LEONARDS
6783,3224,LEOPOLD
6784,3224,MOOLAP
6785,3225,POINT LONSDALE
6786,3225,QUEENSCLIFF
6787,3225,SWAN BAY
6788,3225,SWAN ISLAND
6789,3226,OCEAN GROVE
6790,3227,BARWON HEADS
6791,3227,BREAMLEA
6792,3227,CONNEWARRE
6793,3228,BELLBRAE
6794,3228,BELLS BEACH
6795,3228,JAN JUC
6796,3228,TORQUAY
6797,3230,ANGLESEA
6798,3231,AIREYS INLET
6799,3231,BIG HILL
6800,3231,EASTERN VIEW
6801,3231,FAIRHAVEN
6802,3231,MOGGS CREEK
6803,3232,BIG HILL
6804,3232,LORNE
6805,3233,APOLLO BAY
6806,3233,CAPE OTWAY
6807,3233,MARENGO
6808,3233,PETTICOAT CREEK
6809,3233,SKENES CREEK
6810,3233,SKENES CREEK NORTH
6811,3234,GREY RIVER
6812,3234,KENNETT RIVER
6813,3234,SEPARATION CREEK
6814,3234,SUGARLOAF
6815,3234,WONGARRA
6816,3234,WYE RIVER
6817,3235,BENWERRIN
6818,3235,BOONAH
6819,3235,DEANS MARSH
6820,3235,PENNYROYAL
6821,3236,FORREST
6822,3236,MOUNT SABINE
6823,3237,AIRE VALLEY
6824,3237,BEECH FOREST
6825,3237,FERGUSON
6826,3237,GELLIBRAND LOWER
6827,3237,WATTLE HILL
6828,3237,WEEAPROINAH
6829,3237,WYELANGTA
6830,3237,YUULONG
6831,3238,GLENAIRE
6832,3238,HORDERN VALE
6833,3238,JOHANNA
6834,3238,LAVERS HILL
6835,3239,CARLISLE RIVER
6836,3239,CHAPPLE VALE
6837,3239,GELLIBRAND
6838,3239,KENNEDYS CREEK
6839,3240,BUCKLEY
6840,3240,GHERANG
6841,3240,MODEWARRE
6842,3240,MORIAC
6843,3240,MOUNT MORIAC
6844,3240,PARAPARAP
6845,3241,BAMBRA
6846,3241,OMBERSLEY
6847,3241,WENSLEYDALE
6848,3241,WINCHELSEA
6849,3241,WINCHELSEA SOUTH
6850,3241,WURDIBOLUC
6851,3242,BIRREGURRA
6852,3243,BARWON DOWNS
6853,3243,GERANGAMETE
6854,3243,MURROON
6855,3243,WARNCOORT
6856,3243,WHOOREL
6857,3249,ALVIE
6858,3249,BALINTORE
6859,3249,BARONGAROOK
6860,3249,BARONGAROOK WEST
6861,3249,BARRAMUNGA
6862,3249,CORAGULAC
6863,3249,CORUNNUN
6864,3249,DREEITE
6865,3249,DREEITE SOUTH
6866,3249,GERANGAMETE
6867,3249,IRREWARRA
6868,3249,IRREWILLIPE
6869,3249,IRREWILLIPE EAST
6870,3249,KAWARREN
6871,3249,LARPENT
6872,3249,NALANGIL
6873,3249,ONDIT
6874,3249,PIRRON YALLOCK
6875,3249,POMBORNEIT EAST
6876,3249,SWAN MARSH
6877,3249,TANYBRYN
6878,3249,WARRION
6879,3249,WOOL WOOL
6880,3249,YEO
6881,3249,YEODENE
6882,3250,COLAC
6883,3250,COLAC EAST
6884,3250,COLAC WEST
6885,3250,ELLIMINYT
6886,3251,BEEAC
6887,3251,CUNDARE
6888,3251,CUNDARE NORTH
6889,3251,EURACK
6890,3251,WEERING
6891,3254,COROROOKE
6892,3260,BOOKAAR
6893,3260,BOSTOCKS CREEK
6894,3260,BUNGADOR
6895,3260,CAMPERDOWN
6896,3260,CARPENDEIT
6897,3260,CHOCOLYN
6898,3260,GNOTUK
6899,3260,KARIAH
6900,3260,KOALLAH
6901,3260,LESLIE MANOR
6902,3260,POMBORNEIT
6903,3260,POMBORNEIT NORTH
6904,3260,SKIBO
6905,3260,SOUTH PURRUMBETE
6906,3260,STONYFORD
6907,3260,TANDAROOK
6908,3260,TESBURY
6909,3260,WEERITE
6910,3264,TERANG
6911,3265,BOORCAN
6912,3265,CUDGEE
6913,3265,DIXIE
6914,3265,ECKLIN SOUTH
6915,3265,ELLERSLIE
6916,3265,FRAMLINGHAM
6917,3265,FRAMLINGHAM EAST
6918,3265,GARVOC
6919,3265,GLENORMISTON
6920,3265,GLENORMISTON NORTH
6921,3265,GLENORMISTON SOUTH
6922,3265,KOLORA
6923,3265,LAANG
6924,3265,NOORAT
6925,3265,NOORAT EAST
6926,3265,PANMURE
6927,3265,TAROON
6928,3265,THE SISTERS
6929,3266,BULLAHARRE
6930,3266,COBDEN
6931,3266,COBRICO
6932,3266,ELINGAMITE
6933,3266,ELINGAMITE NORTH
6934,3266,GLENFYNE
6935,3266,JANCOURT
6936,3266,JANCOURT EAST
6937,3266,NAROGHID
6938,3266,SIMPSON
6939,3267,SCOTTS CREEK
6940,3268,AYRFORD
6941,3268,BRUCKNELL
6942,3268,COORIEMUNGLE
6943,3268,COWLEYS CREEK
6944,3268,CURDIE VALE
6945,3268,CURDIES RIVER
6946,3268,CURDIEVALE
6947,3268,HEYTESBURY LOWER
6948,3268,NEWFIELD
6949,3268,NIRRANDA
6950,3268,NIRRANDA EAST
6951,3268,NIRRANDA SOUTH
6952,3268,NULLAWARRE
6953,3268,NULLAWARRE EAST
6954,3268,NULLAWARRE NORTH
6955,3268,PAARATTE
6956,3268,THE COVE
6957,3268,TIMBOON
6958,3268,TIMBOON WEST
6959,3269,PORT CAMPBELL
6960,3269,PRINCETOWN
6961,3269,WAARRE
6962,3270,PETERBOROUGH
6963,3271,DARLINGTON
6964,3271,DUNDONNELL
6965,3271,PURA PURA
6966,3272,MORTLAKE
6967,3272,WOORNDOO
6968,3273,HEXHAM
6969,3274,CARAMUT
6970,3275,MAILER FLAT
6971,3275,MAILORS FLAT
6972,3276,MINJAH
6973,3276,WOOLSTHORPE
6974,3277,ALLANSFORD
6975,3277,MEPUNGA
6976,3277,MEPUNGA EAST
6977,3277,MEPUNGA WEST
6978,3277,NARINGAL
6979,3277,NARINGAL EAST
6980,3278,PURNIM
6981,3278,PURNIM WEST
6982,3279,BALLANGEICH
6983,3279,WANGOOM
6984,3280,DENNINGTON
6985,3280,MINJAH
6986,3280,WARRNAMBOOL
6987,3280,WARRNAMBOOL EAST
6988,3280,WARRNAMBOOL WEST
6989,3281,BUSHFIELD
6990,3281,GRASSMERE
6991,3281,WINSLOW
6992,3281,WOODFORD
6993,3282,ILLOWA
6994,3282,KOROIT
6995,3283,CROSSLEY
6996,3283,KILLARNEY
6997,3283,KIRKSTALL
6998,3283,SOUTHERN CROSS
6999,3283,TARRONE
7000,3283,TOWER HILL
7001,3283,WARRONG
7002,3283,WILLATOOK
7003,3283,YANGERY
7004,3283,YARPTURK
7005,3284,ORFORD
7006,3284,PORT FAIRY
7007,3285,CODRINGTON
7008,3285,NARRAWONG
7009,3285,ROSEBROOK
7010,3285,ST HELENS
7011,3285,TOOLONG
7012,3285,TYRENDARRA
7013,3285,TYRENDARRA EAST
7014,3285,YAMBUK
7015,3286,CONDAH SWAMP
7016,3286,KNEBSWORTH
7017,3286,MACARTHUR
7018,3286,RIPPONHURST
7019,3286,WARRABKOOK
7020,3287,HAWKESDALE
7021,3287,MINHAMITE
7022,3289,GAZETTE
7023,3289,GERRIGERRUP
7024,3289,PENSHURST
7025,3289,PURDEET
7026,3289,TABOR
7027,3292,NELSON
7028,3293,GLENTHOMPSON
7029,3293,NAREEB
7030,3293,NARRAPUMELAP SOUTH
7031,3294,DUNKELD
7032,3294,KARABEAL
7033,3294,MIRRANATWA
7034,3294,MOUTAJUP
7035,3294,VICTORIA POINT
7036,3294,VICTORIA VALLEY
7037,3294,WOODHOUSE
7038,3300,BYADUK NORTH
7039,3300,HAMILTON
7040,3301,BOCHARA
7041,3301,BROADWATER
7042,3301,BUCKLEY SWAMP
7043,3301,BYADUK
7044,3301,CROXTON EAST
7045,3301,HENSLEY PARK
7046,3301,MORGIANA
7047,3301,MOUNT NAPIER
7048,3301,STRATHKELLAR
7049,3301,TAHARA
7050,3301,TARRINGTON
7051,3301,WANNON
7052,3301,WARRAYURE
7053,3301,YATCHAW
7054,3301,YULECART
7055,3302,BRANXHOLME
7056,3302,GRASSDALE
7057,3303,BREAKAWAY CREEK
7058,3303,CONDAH
7059,3303,CONDAH SWAMP
7060,3303,HOTSPUR
7061,3303,LAKE CONDAH
7062,3303,WALLACEDALE
7063,3304,BESSIEBELLE
7064,3304,DARTMOOR
7065,3304,DRIK DRIK
7066,3304,DRUMBORG
7067,3304,GREENWALD
7068,3304,HEYWOOD
7069,3304,HOMERTON
7070,3304,LYONS
7071,3304,MILLTOWN
7072,3304,MUMBANNAR
7073,3304,MYAMYN
7074,3304,WINNAP
7075,3305,ALLESTREE
7076,3305,BOLWARRA
7077,3305,CAPE BRIDGEWATER
7078,3305,CASHMORE
7079,3305,DUTTON WAY
7080,3305,GORAE
7081,3305,GORAE WEST
7082,3305,HEATHMERE
7083,3305,MOUNT RICHMOND
7084,3305,PORTLAND
7085,3305,PORTLAND NORTH
7086,3305,PORTLAND WEST
7087,3309,DIGBY
7088,3310,MERINO
7089,3310,TAHARA WEST
7090,3311,CASTERTON
7091,3311,CORNDALE
7092,3311,HEATH FIELD
7093,3311,PURALKA
7094,3312,BAHGALLAH
7095,3312,BRIMBOAL
7096,3312,CARAPOOK
7097,3312,CHETWYND
7098,3312,DERGHOLM
7099,3312,DORODONG
7100,3312,DUNROBIN
7101,3312,HENTY
7102,3312,KILLARA
7103,3312,LAKE MUNDI
7104,3312,LINDSAY
7105,3312,MUNTHAM
7106,3312,NANGEELA
7107,3312,POOLAIJELO
7108,3312,POWERS CREEK
7109,3312,SANDFORD
7110,3312,STRATHDOWNIE
7111,3312,WANDO BRIDGE
7112,3312,WANDO VALE
7113,3312,WARROCK
7114,3314,BULART
7115,3314,CAVENDISH
7116,3314,GLENISLA
7117,3314,GRAMPIANS
7118,3314,MOORALLA
7119,3314,WOOHLPOOER
7120,3315,BRIT BRIT
7121,3315,CLOVER FLAT
7122,3315,COLERAINE
7123,3315,COOJAR
7124,3315,CULLA
7125,3315,GRINGEGALGONA
7126,3315,GRITJURK
7127,3315,HILGAY
7128,3315,KONONGWOOTONG
7129,3315,MELVILLE FOREST
7130,3315,MUNTHAM
7131,3315,NAREEN
7132,3315,PARKWOOD
7133,3315,PASCHENDALE
7134,3315,TAHARA BRIDGE
7135,3315,TARRAYOUKYAN
7136,3315,TARRENLEA
7137,3315,WOOTONG VALE
7138,3317,HARROW
7139,3318,CHARAM
7140,3318,CONNEWIRRICOO
7141,3318,EDENHOPE
7142,3318,JALLAKIN
7143,3318,KADNOOK
7144,3318,LANGKOOP
7145,3318,MEEREEK
7146,3318,PATYAH
7147,3318,ULLSWATER
7148,3319,APSLEY
7149,3319,BENAYEO
7150,3319,BRINGALBERT
7151,3321,HESSE
7152,3321,INVERLEIGH
7153,3321,WINGEEL
7154,3322,CRESSY
7155,3323,BERRYBANK
7156,3323,DUVERNEY
7157,3323,FOXHOW
7158,3324,LISMORE
7159,3324,MINGAY
7160,3324,MOUNT BUTE
7161,3325,DERRINALLUM
7162,3325,LARRALEA
7163,3325,VITE VITE
7164,3325,VITE VITE NORTH
7165,3328,TEESDALE
7166,3329,BARUNAH PARK
7167,3329,BARUNAH PLAINS
7168,3329,SHELFORD
7169,3330,ROKEWOOD
7170,3331,BANNOCKBURN
7171,3331,GHERINGHAP
7172,3331,MAUDE
7173,3331,RUSSELLS BRIDGE
7174,3331,SHE OAKS
7175,3331,STEIGLITZ
7176,3331,SUTHERLANDS CREEK
7177,3332,LETHBRIDGE
7178,3333,BAMGANIE
7179,3333,MEREDITH
7180,3334,BUNGAL
7181,3334,CARGERIE
7182,3334,ELAINE
7183,3334,MORRISONS
7184,3334,MOUNT DORAN
7185,3335,BONNIE BROOK
7186,3335,GRANGEFIELDS
7187,3335,PLUMPTON
7188,3335,ROCKBANK
7189,3335,THORNHILL PARK
7190,3336,AINTREE
7191,3336,DEANSIDE
7192,3336,FRASER RISE
7193,3337,HARKNESS
7194,3337,KURUNJANG
7195,3337,MELTON
7196,3337,MELTON WEST
7197,3337,TOOLERN VALE
7198,3338,BROOKFIELD
7199,3338,COBBLEBANK
7200,3338,EXFORD
7201,3338,EYNESBURY
7202,3338,MELTON SOUTH
7203,3338,STRATHTULLOH
7204,3338,WEIR VIEWS
7205,3340,BACCHUS MARSH
7206,3340,BALLIANG
7207,3340,BALLIANG EAST
7208,3340,COIMADAI
7209,3340,DARLEY
7210,3340,GLENMORE
7211,3340,HOPETOUN PARK
7212,3340,LONG FOREST
7213,3340,MADDINGLEY
7214,3340,MERRIMU
7215,3340,PARWAN
7216,3340,ROWSLEY
7217,3340,STAUGHTON VALE
7218,3341,DALES CREEK
7219,3341,GREENDALE
7220,3341,KOROBEIT
7221,3341,MYRNIONG
7222,3341,PENTLAND HILLS
7223,3342,BALLAN
7224,3342,BEREMBOKE
7225,3342,BLAKEVILLE
7226,3342,BUNDING
7227,3342,COLBROOK
7228,3342,DURDIDWARRAH
7229,3342,FISKVILLE
7230,3342,INGLISTON
7231,3342,MOUNT WALLACE
7232,3345,GORDON
7233,3350,ALFREDTON
7234,3350,BAKERY HILL
7235,3350,BALLARAT
7236,3350,BALLARAT CENTRAL
7237,3350,BALLARAT EAST
7238,3350,BALLARAT NORTH
7239,3350,BALLARAT WEST
7240,3350,BLACK HILL
7241,3350,BROWN HILL
7242,3350,CANADIAN
7243,3350,EUREKA
7244,3350,GOLDEN POINT
7245,3350,INVERMAY PARK
7246,3350,LAKE WENDOUREE
7247,3350,LUCAS
7248,3350,MOUNT CLEAR
7249,3350,MOUNT HELEN
7250,3350,MOUNT PLEASANT
7251,3350,NERRINA
7252,3350,NEWINGTON
7253,3350,REDAN
7254,3350,SOLDIERS HILL
7255,3350,SOVEREIGN HILL
7256,3351,BERRINGA
7257,3351,BO PEEP
7258,3351,CAPE CLEAR
7259,3351,CARNGHAM
7260,3351,CHEPSTOWE
7261,3351,HADDON
7262,3351,HAPPY VALLEY
7263,3351,HILLCREST
7264,3351,ILLABAROOK
7265,3351,LAKE BOLAC
7266,3351,MININERA
7267,3351,MORTCHUP
7268,3351,MOUNT EMU
7269,3351,NERRIN NERRIN
7270,3351,NEWTOWN
7271,3351,NINTINGBOOL
7272,3351,PIGGOREET
7273,3351,PITFIELD
7274,3351,ROKEWOOD JUNCTION
7275,3351,ROSS CREEK
7276,3351,SCARSDALE
7277,3351,SMYTHES CREEK
7278,3351,SMYTHESDALE
7279,3351,SNAKE VALLEY
7280,3351,SPRINGDALLAH
7281,3351,STAFFORDSHIRE REEF
7282,3351,STREATHAM
7283,3351,WALLINDUC
7284,3351,WESTMERE
7285,3352,ADDINGTON
7286,3352,BALLARAT ROADSIDE DELIVERY
7287,3352,BARKSTEAD
7288,3352,BLOWHARD
7289,3352,BOLWARRAH
7290,3352,BONSHAW
7291,3352,BREWSTER
7292,3352,BULLAROOK
7293,3352,BUNGAREE
7294,3352,BUNKERS HILL
7295,3352,BURRUMBEET
7296,3352,CAMBRIAN HILL
7297,3352,CARDIGAN
7298,3352,CARDIGAN VILLAGE
7299,3352,CHAPEL FLAT
7300,3352,CLARENDON
7301,3352,CLARETOWN
7302,3352,CLARKES HILL
7303,3352,CORINDHAP
7304,3352,DEAN
7305,3352,DEREEL
7306,3352,DUNNSTOWN
7307,3352,DURHAM LEAD
7308,3352,ENFIELD
7309,3352,ERCILDOUNE
7310,3352,GARIBALDI
7311,3352,GLEN PARK
7312,3352,GLENBRAE
7313,3352,GONG GONG
7314,3352,GRENVILLE
7315,3352,INVERMAY
7316,3352,LAL LAL
7317,3352,LAMPLOUGH
7318,3352,LANGI KAL KAL
7319,3352,LEARMONTH
7320,3352,LEIGH CREEK
7321,3352,LEXTON
7322,3352,MAGPIE
7323,3352,MILLBROOK
7324,3352,MINERS REST
7325,3352,MITCHELL PARK
7326,3352,MOLLONGGHIP
7327,3352,MOUNT BOLTON
7328,3352,MOUNT EGERTON
7329,3352,MOUNT MERCER
7330,3352,MOUNT MITCHELL
7331,3352,MOUNT ROWAN
7332,3352,NAPOLEONS
7333,3352,NAVIGATORS
7334,3352,POOTILLA
7335,3352,SCOTCHMANS LEAD
7336,3352,SCOTSBURN
7337,3352,SPRINGBANK
7338,3352,SULKY
7339,3352,WALLACE
7340,3352,WARRENHEIP
7341,3352,WATTLE FLAT
7342,3352,WAUBRA
7343,3352,WEATHERBOARD
7344,3352,WERNETH
7345,3352,WINDERMERE
7346,3352,YENDON
7347,3353,BALLARAT
7348,3354,BAKERY HILL
7349,3354,BALLARAT MC
7350,3355,LAKE GARDENS
7351,3355,MITCHELL PARK
7352,3355,WENDOUREE
7353,3355,WENDOUREE VILLAGE
7354,3356,BONSHAW
7355,3356,DELACOMBE
7356,3356,SEBASTOPOL
7357,3357,BUNINYONG
7358,3357,SCOTSMANS LEAD
7359,3357,YARROWEE
7360,3358,WINTER VALLEY
7361,3360,HAPPY VALLEY
7362,3360,LINTON
7363,3360,MANNIBADAR
7364,3360,PITTONG
7365,3360,WILLOWVALE
7366,3361,BRADVALE
7367,3361,CARRANBALLAC
7368,3361,SKIPTON
7369,3363,CRESWICK
7370,3363,CRESWICK NORTH
7371,3363,DEAN
7372,3363,GLENDARUEL
7373,3363,LANGDONS HILL
7374,3363,MOUNT BECKWORTH
7375,3363,TOURELLO
7376,3364,ALLENDALE
7377,3364,ASCOT
7378,3364,BALD HILLS
7379,3364,BARKSTEAD
7380,3364,BLAMPIED
7381,3364,BROOMFIELD
7382,3364,CABBAGE TREE
7383,3364,CAMPBELLTOWN
7384,3364,COGHILLS CREEK
7385,3364,GLENDONALD
7386,3364,GLENDONNELL
7387,3364,JOYCES CREEK
7388,3364,KINGSTON
7389,3364,KOOROOCHEANG
7390,3364,LAWRENCE
7391,3364,MOUNT PROSPECT
7392,3364,NEWLYN
7393,3364,NEWLYN NORTH
7394,3364,ROCKLYN
7395,3364,SMEATON
7396,3364,SMOKEY TOWN
7397,3364,SMOKEYTOWN
7398,3364,SPRINGMOUNT
7399,3364,STRATHLEA
7400,3364,ULLINA
7401,3364,WERONA
7402,3370,CLUNES
7403,3370,GLENGOWER
7404,3370,MOUNT CAMERON
7405,3370,ULLINA
7406,3371,AMHERST
7407,3371,BURNBANK
7408,3371,CARALULUP
7409,3371,DUNACH
7410,3371,EVANSFORD
7411,3371,LILLICUR
7412,3371,MOUNT GLASGOW
7413,3371,RED LION
7414,3371,STONY CREEK
7415,3371,TALBOT
7416,3373,BEAUFORT
7417,3373,CHUTE
7418,3373,CROSS ROADS
7419,3373,LAKE GOLDSMITH
7420,3373,LAKE WONGAN
7421,3373,MAIN LEAD
7422,3373,MENA PARK
7423,3373,NERRING
7424,3373,RAGLAN
7425,3373,SHIRLEY
7426,3373,STOCKYARD HILL
7427,3373,STONELEIGH
7428,3373,TRAWALLA
7429,3373,WATERLOO
7430,3374,GREAT WESTERN
7431,3375,BALLYROGAN
7432,3375,BAYINDEEN
7433,3375,BUANGOR
7434,3375,MIDDLE CREEK
7435,3377,AMPHITHEATRE
7436,3377,ARARAT
7437,3377,ARARAT EAST
7438,3377,ARMSTRONG
7439,3377,BEN NEVIS
7440,3377,BULGANA
7441,3377,CATHCART
7442,3377,CROWLANDS
7443,3377,DENICULL CREEK
7444,3377,DOBIE
7445,3377,DUNNEWORTHY
7446,3377,EVERSLEY
7447,3377,GREAT WESTERN
7448,3377,JALLUKUR
7449,3377,LANGI LOGAN
7450,3377,MAROONA
7451,3377,MOUNT COLE
7452,3377,MOUNT COLE CREEK
7453,3377,MOUNT LONARCH
7454,3377,MOYSTON
7455,3377,NORVAL
7456,3377,RHYMNEY
7457,3377,ROCKY POINT
7458,3377,ROSSBRIDGE
7459,3377,SHAYS FLAT
7460,3377,WARRAK
7461,3378,TATYOON
7462,3378,YALLA-Y-POORA
7463,3379,BERRAMBOOL
7464,3379,BORNES HILL
7465,3379,CHATSWORTH
7466,3379,MAFEKING
7467,3379,STAVELY
7468,3379,WATGANIA
7469,3379,WICKLIFFE
7470,3379,WILLAURA
7471,3379,WILLAURA NORTH
7472,3380,BELLELLEN
7473,3380,BRIDGE INN
7474,3380,MOKEPILLY
7475,3380,STAWELL
7476,3380,STAWELL WEST
7477,3380,WINJALLOK
7478,3381,BARKLY
7479,3381,BELLELLEN
7480,3381,BELLFIELD
7481,3381,BLACK RANGE
7482,3381,BOLANGUM
7483,3381,CALLAWADDA
7484,3381,CAMPBELLS BRIDGE
7485,3381,CONCONGELLA
7486,3381,DEEP LEAD
7487,3381,FYANS CREEK
7488,3381,GERMANIA
7489,3381,GREENS CREEK
7490,3381,HALLS GAP
7491,3381,ILLAWARRA
7492,3381,JOEL JOEL
7493,3381,JOEL SOUTH
7494,3381,KANYA
7495,3381,LAKE FYANS
7496,3381,LAKE LONSDALE
7497,3381,LUBECK
7498,3381,MOKEPILLY
7499,3381,MORRL MORRL
7500,3381,MOUNT DRYDEN
7501,3381,PARADISE
7502,3381,POMONAL
7503,3381,ROSTRON
7504,3381,WAL WAL
7505,3381,WALLALOO
7506,3381,WALLALOO EAST
7507,3384,BARKLY
7508,3384,CONCONGELLA
7509,3384,FRENCHMANS
7510,3384,JOEL JOEL
7511,3384,JOEL SOUTH
7512,3384,LANDSBOROUGH
7513,3384,LANDSBOROUGH WEST
7514,3384,NAVARRE
7515,3384,SHAYS FLAT
7516,3384,TULKARA
7517,3384,WATTLE CREEK
7518,3385,DADSWELLS BRIDGE
7519,3385,DEEP LEAD
7520,3385,GLENORCHY
7521,3385,LEDCOURT
7522,3385,LUBECK
7523,3385,RIACHELLA
7524,3385,ROSES GAP
7525,3385,WAL WAL
7526,3387,BOLANGUM
7527,3387,CALLAWADDA
7528,3387,CAMPBELLS BRIDGE
7529,3387,GERMANIA
7530,3387,GREENS CREEK
7531,3387,KANYA
7532,3387,MARNOO
7533,3387,MARNOO WEST
7534,3387,MORRL MORRL
7535,3387,WALLALOO
7536,3387,WALLALOO EAST
7537,3388,BANYENA
7538,3388,RUPANYUP
7539,3390,KEWELL
7540,3390,MURTOA
7541,3391,BRIM
7542,3392,BOOLITE
7543,3392,MINYIP
7544,3392,SHEEP HILLS
7545,3393,AILSA
7546,3393,ANGIP
7547,3393,AUBREY
7548,3393,BANGERANG
7549,3393,CANNUM
7550,3393,CRYMELON
7551,3393,KELLALAC
7552,3393,LAH
7553,3393,WARRACKNABEAL
7554,3393,WILKUR
7555,3393,WILLENABRINA
7556,3395,BEULAH
7557,3395,KENMARE
7558,3395,REEDY DAM
7559,3395,ROSEBERY
7560,3396,HOPETOUN
7561,3396,HOPEVALE
7562,3396,YARTO
7563,3399,JUNG
7564,3399,LONGERENONG
7565,3400,BRIMPAEN
7566,3400,HORSHAM
7567,3400,HORSHAM WEST
7568,3400,ST HELENS PLAINS
7569,3400,WARTOOK
7570,3400,WONWONDAH EAST
7571,3400,WONWONDAH SOUTH
7572,3401,BLACKHEATH
7573,3401,BRIMPAEN
7574,3401,BUNGALALLY
7575,3401,CHERRYPOOL
7576,3401,CLEAR LAKE
7577,3401,CONNANGORACH
7578,3401,DAHLEN
7579,3401,DOOEN
7580,3401,DOUGLAS
7581,3401,DRUNG
7582,3401,GREEN LAKE
7583,3401,GYMBOWEN
7584,3401,HAVEN
7585,3401,HORSHAM
7586,3401,JALLUMBA
7587,3401,JILPANGER
7588,3401,JUNG
7589,3401,KALKEE
7590,3401,KANAGULK
7591,3401,KARNAK
7592,3401,LAHARUM
7593,3401,LONGERENONG
7594,3401,LOWER NORTON
7595,3401,MCKENZIE CREEK
7596,3401,MIGA LAKE
7597,3401,MITRE
7598,3401,MOCKINYA
7599,3401,MURRA WARRA
7600,3401,NORADJUHA
7601,3401,NURCOUNG
7602,3401,NURRABIEL
7603,3401,PIMPINIO
7604,3401,QUANTONG
7605,3401,REMLAW
7606,3401,RIVERSIDE
7607,3401,ROCKLANDS
7608,3401,ROCKLANDS
7609,3401,ST HELENS PLAINS
7610,3401,TELANGATUK EAST
7611,3401,TOOAN
7612,3401,TOOLONDO
7613,3401,VECTIS
7614,3401,WAIL
7615,3401,WALLUP
7616,3401,WARTOOK
7617,3401,WOMBELANO
7618,3401,WONWONDAH
7619,3401,ZUMSTEINS
7620,3402,HORSHAM
7621,3407,BALMORAL
7622,3407,ENGLEFIELD
7623,3407,GATUM
7624,3407,PIGEON PONDS
7625,3407,VASEY
7626,3409,ARAPILES
7627,3409,CLEAR LAKE
7628,3409,DOUGLAS
7629,3409,DUCHEMBEGARRA
7630,3409,GRASS FLAT
7631,3409,JILPANGER
7632,3409,MIGA LAKE
7633,3409,MITRE
7634,3409,NATIMUK
7635,3409,NORADJUHA
7636,3409,TOOAN
7637,3409,WOMBELANO
7638,3412,GOROKE
7639,3413,MINIMAY
7640,3413,NEUARPURR
7641,3413,OZENKADNOOK
7642,3413,PERONNE
7643,3414,ANTWERP
7644,3414,DIMBOOLA
7645,3414,TARRANYURK
7646,3415,MIRAM
7647,3415,YARRUNGA
7648,3418,BROUGHTON
7649,3418,GERANG GERUNG
7650,3418,GLENLEE
7651,3418,KIATA
7652,3418,LAWLOIT
7653,3418,LITTLE DESERT
7654,3418,LORQUON
7655,3418,NETHERBY
7656,3418,NHILL
7657,3418,YANAC
7658,3419,KANIVA
7659,3420,LILLIMUR
7660,3420,SERVICETON
7661,3420,TELOPEA DOWNS
7662,3423,JEPARIT
7663,3423,LAKE HINDMARSH
7664,3424,ALBACUTYA
7665,3424,RAINBOW
7666,3424,YAAPEET
7667,3427,DIGGERS REST
7668,3427,PLUMPTON
7669,3428,BULLA
7670,3429,SUNBURY
7671,3429,WILDWOOD
7672,3430,CLARKEFIELD
7673,3431,RIDDELLS CREEK
7674,3432,BOLINDA
7675,3433,MONEGEETTA
7676,3434,CHEROKEE
7677,3434,KERRIE
7678,3434,ROMSEY
7679,3434,SPRINGFIELD
7680,3435,BENLOCH
7681,3435,GOLDIE
7682,3435,LANCEFIELD
7683,3435,NULLA VALE
7684,3437,BULLENGAROOK
7685,3437,GISBORNE
7686,3437,GISBORNE SOUTH
7687,3438,NEW GISBORNE
7688,3440,MACEDON
7689,3441,MOUNT MACEDON
7690,3442,ASHBOURNE
7691,3442,CADELLO
7692,3442,CARLSRUHE
7693,3442,COBAW
7694,3442,HANGING ROCK
7695,3442,HESKET
7696,3442,NEWHAM
7697,3442,ROCHFORD
7698,3442,WOODEND
7699,3442,WOODEND NORTH
7700,3444,BARFOLD
7701,3444,BAYNTON
7702,3444,BAYNTON EAST
7703,3444,EDGECOMBE
7704,3444,GLENHOPE
7705,3444,GREENHILL
7706,3444,KYNETON
7707,3444,KYNETON SOUTH
7708,3444,LANGLEY
7709,3444,LAURISTON
7710,3444,LYAL
7711,3444,METCALFE EAST
7712,3444,MIA MIA
7713,3444,MYRTLE CREEK
7714,3444,PASTORIA
7715,3444,PASTORIA EAST
7716,3444,PIPERS CREEK
7717,3444,REDESDALE
7718,3444,SIDONIA
7719,3444,SPRING HILL
7720,3444,TYLDEN
7721,3444,TYLDEN SOUTH
7722,3446,DRUMMOND NORTH
7723,3446,MALMSBURY
7724,3447,TARADALE
7725,3448,ELPHINSTONE
7726,3448,METCALFE
7727,3448,SUTTON GRANGE
7728,3450,CASTLEMAINE
7729,3450,MOONLIGHT FLAT
7730,3451,BARKERS CREEK
7731,3451,CAMPBELLS CREEK
7732,3451,CHEWTON
7733,3451,CHEWTON BUSHLANDS
7734,3451,FARADAY
7735,3451,FRYERSTOWN
7736,3451,GLENLUCE
7737,3451,GOLDEN POINT
7738,3451,GOWER
7739,3451,GUILDFORD
7740,3451,IRISHTOWN
7741,3451,MCKENZIE HILL
7742,3451,MUCKLEFORD
7743,3451,TARILTA
7744,3451,VAUGHAN
7745,3451,WOODBROOK
7746,3451,YAPEEN
7747,3453,HARCOURT
7748,3453,HARCOURT NORTH
7749,3453,RAVENSWOOD
7750,3453,RAVENSWOOD SOUTH
7751,3458,BARRYS REEF
7752,3458,BLACKWOOD
7753,3458,FERN HILL
7754,3458,LERDERDERG
7755,3458,LITTLE HAMPTON
7756,3458,NEWBURY
7757,3458,NORTH BLACKWOOD
7758,3458,TRENTHAM
7759,3458,TRENTHAM EAST
7760,3460,BASALT
7761,3460,DAYLESFORD
7762,3461,BULLARTO
7763,3461,BULLARTO SOUTH
7764,3461,CLYDESDALE
7765,3461,COOMOORA
7766,3461,DENVER
7767,3461,DRUMMOND
7768,3461,DRY DIGGINGS
7769,3461,EGANSTOWN
7770,3461,ELEVATED PLAINS
7771,3461,FRANKLINFORD
7772,3461,GLENLYON
7773,3461,HEPBURN
7774,3461,HEPBURN SPRINGS
7775,3461,KORWEINGUBOORA
7776,3461,LEONARDS HILL
7777,3461,LYONVILLE
7778,3461,MOUNT FRANKLIN
7779,3461,MUSK
7780,3461,MUSK VALE
7781,3461,PORCUPINE RIDGE
7782,3461,SAILORS FALLS
7783,3461,SAILORS HILL
7784,3461,SHEPHERDS FLAT
7785,3461,SPARGO CREEK
7786,3461,STRANGWAYS
7787,3461,WHEATSHEAF
7788,3461,YANDOIT
7789,3461,YANDOIT HILLS
7790,3462,GREEN GULLY
7791,3462,JOYCES CREEK
7792,3462,MUCKLEFORD SOUTH
7793,3462,NEWSTEAD
7794,3462,SANDON
7795,3462,WELSHMANS REEF
7796,3463,BARINGHUP
7797,3463,BARINGHUP WEST
7798,3463,BRADFORD
7799,3463,EASTVILLE
7800,3463,GOWER
7801,3463,LAANECOORIE
7802,3463,MALDON
7803,3463,NEEREMAN
7804,3463,NUGGETTY
7805,3463,PERKINS REEF
7806,3463,PORCUPINE FLAT
7807,3463,SHELBOURNE
7808,3463,TARRENGOWER
7809,3463,WALMER
7810,3463,WOODSTOCK WEST
7811,3464,CARISBROOK
7812,3465,ADELAIDE LEAD
7813,3465,ALMA
7814,3465,BOWENVALE
7815,3465,BUNG BONG
7816,3465,COTSWOLD
7817,3465,CRAIGIE
7818,3465,DAISY HILL
7819,3465,FLAGSTAFF
7820,3465,GOLDEN POINT
7821,3465,HAVELOCK
7822,3465,HOMEBUSH
7823,3465,MAJORCA
7824,3465,MARYBOROUGH
7825,3465,MOOLORT
7826,3465,MOONLIGHT FLAT
7827,3465,NATTE YALLOCK
7828,3465,RATHSCAR
7829,3465,RATHSCAR WEST
7830,3465,RODBOROUGH
7831,3465,SIMSON
7832,3465,TIMOR
7833,3465,TIMOR WEST
7834,3465,WAREEK
7835,3467,AVOCA
7836,3467,MOYREISK
7837,3468,AMPHITHEATRE
7838,3468,MOUNT LONARCH
7839,3469,ELMHURST
7840,3469,GLENLOFTY
7841,3469,GLENLOGIE
7842,3469,GLENPATRICK
7843,3469,NOWHERE CREEK
7844,3472,BET BET
7845,3472,BETLEY
7846,3472,BROMLEY
7847,3472,DUNLUCE
7848,3472,DUNOLLY
7849,3472,EDDINGTON
7850,3472,GOLDSBOROUGH
7851,3472,INKERMAN
7852,3472,MCINTYRE
7853,3472,MOLIAGUL
7854,3472,MOUNT HOOGHLY
7855,3475,ARCHDALE
7856,3475,ARCHDALE JUNCTION
7857,3475,BEALIBA
7858,3475,BURKES FLAT
7859,3475,COCHRANES CREEK
7860,3475,EMU
7861,3475,LOGAN
7862,3477,AVON PLAINS
7863,3477,BEAZLEYS BRIDGE
7864,3477,CARAPOOEE
7865,3477,CARAPOOEE WEST
7866,3477,COONOOER BRIDGE
7867,3477,COONOOER WEST
7868,3477,DALYENONG
7869,3477,GOOROC
7870,3477,GOWAR EAST
7871,3477,GRAYS BRIDGE
7872,3477,GRE GRE
7873,3477,GRE GRE NORTH
7874,3477,GRE GRE SOUTH
7875,3477,KOOREH
7876,3477,MARNOO EAST
7877,3477,MOOLERR
7878,3477,MOYREISK
7879,3477,PARADISE
7880,3477,REDBANK
7881,3477,ROSTRON
7882,3477,SLATY CREEK
7883,3477,ST ARNAUD EAST
7884,3477,ST ARNAUD NORTH
7885,3477,STUART MILL
7886,3477,SUTHERLAND
7887,3477,SWANWATER
7888,3477,TOTTINGTON
7889,3477,TRAYNORS LAGOON
7890,3477,WINJALLOK
7891,3477,YORK PLAINS
7892,3478,AVON PLAINS
7893,3478,BEAZLEYS BRIDGE
7894,3478,BERRIMAL WEST
7895,3478,CARAPOOEE
7896,3478,CARAPOOEE WEST
7897,3478,COONOOER BRIDGE
7898,3478,COONOOER WEST
7899,3478,DARKBONEE
7900,3478,DOOBOOBETIC
7901,3478,ELBERTON
7902,3478,GOOROC
7903,3478,GOWAR EAST
7904,3478,GRE GRE
7905,3478,GRE GRE NORTH
7906,3478,GRE GRE SOUTH
7907,3478,KOOREH
7908,3478,MEDLYN
7909,3478,MITCHELLS HILL
7910,3478,MOOLERR
7911,3478,MOONAMBEL
7912,3478,PERCYDALE
7913,3478,SLATY CREEK
7914,3478,ST ARNAUD
7915,3478,ST ARNAUD EAST
7916,3478,ST ARNAUD NORTH
7917,3478,STUART MILL
7918,3478,SUTHERLAND
7919,3478,SWANWATER
7920,3478,TANWOOD
7921,3478,TOTTINGTON
7922,3478,TRAYNORS LAGOON
7923,3478,TULKARA
7924,3478,WARRENMANG
7925,3478,YAWONG HILLS
7926,3480,AREEGRA
7927,3480,BANYENONG
7928,3480,BOOLITE
7929,3480,CARRON
7930,3480,COPE COPE
7931,3480,CORACK
7932,3480,CORACK EAST
7933,3480,DONALD
7934,3480,GIL GIL
7935,3480,JEFFCOTT
7936,3480,JEFFCOTT NORTH
7937,3480,LAEN
7938,3480,LAEN EAST
7939,3480,LAEN NORTH
7940,3480,LAKE BULOKE
7941,3480,LAWLER
7942,3480,LITCHFIELD
7943,3480,RICH AVON
7944,3480,RICH AVON EAST
7945,3480,RICH AVON WEST
7946,3480,SWANWATER WEST
7947,3482,MASSEY
7948,3482,MORTON PLAINS
7949,3482,WARMUR
7950,3482,WATCHEM
7951,3482,WATCHEM WEST
7952,3483,BALLAPUR
7953,3483,BIRCHIP
7954,3483,BIRCHIP WEST
7955,3483,CURYO
7956,3483,JIL JIL
7957,3483,KARYRIE
7958,3483,KINNABULLA
7959,3483,MARLBED
7960,3483,NARRAPORT
7961,3483,REEDY DAM
7962,3483,WHIRILY
7963,3485,BANYAN
7964,3485,WATCHUPGA
7965,3485,WILLANGIE
7966,3485,WOOMELANG
7967,3487,LASCELLES
7968,3488,SPEED
7969,3488,TURRIFF
7970,3488,TURRIFF EAST
7971,3489,TEMPY
7972,3490,BIG DESERT
7973,3490,BOINKA
7974,3490,KULWIN
7975,3490,MITTYACK
7976,3490,MURRAY-SUNSET
7977,3490,OUYEN
7978,3490,TORRITA
7979,3490,TUTYE
7980,3491,PATCHEWOLLOCK
7981,3494,CARWARP
7982,3494,COLIGNAN
7983,3494,IRAAK
7984,3494,NANGILOC
7985,3496,CARDROSS
7986,3496,CULLULLERAINE
7987,3496,LINDSAY POINT
7988,3496,MERINGUR
7989,3496,MERRINEE
7990,3496,MURRAY LOCK NO 9
7991,3496,NEDS CORNER
7992,3496,RED CLIFFS
7993,3496,SUNNYCLIFFS
7994,3496,WERRIMULL
7995,3498,IRYMPLE
7996,3500,MILDURA
7997,3500,MILDURA EAST
7998,3500,MILDURA WEST
8000,3501,HATTAH
8001,3501,KOORLONG
8002,3501,MILDURA CENTRE PLAZA
8003,3501,MILDURA SOUTH
8004,3501,NICHOLS POINT
8005,3502,MILDURA
8006,3505,BIRDWOODTON
8007,3505,CABARITA
8008,3505,MERBEIN
8009,3505,MERBEIN SOUTH
8010,3505,MERBEIN WEST
8011,3505,WARGAN
8012,3505,YELTA
8013,3506,COWANGIE
8014,3507,WALPEUP
8015,3509,LINGA
8016,3509,UNDERBOOL
8017,3512,CARINA
8018,3512,MURRAYVILLE
8019,3512,PANITYA
8020,3515,MARONG
8021,3515,SHELBOURNE
8022,3515,WILSONS HILL
8023,3516,BRIDGEWATER
8024,3516,BRIDGEWATER NORTH
8025,3516,BRIDGEWATER ON LODDON
8026,3516,DERBY
8027,3516,LEICHARDT
8028,3516,YARRABERB
8029,3517,BEARS LAGOON
8030,3517,BRENANAH
8031,3517,BULLABUL
8032,3517,GLENALBYN
8033,3517,INGLEWOOD
8034,3517,JARKLIN
8035,3517,KINGOWER
8036,3517,KURTING
8037,3517,POWLETT PLAINS
8038,3517,RHEOLA
8039,3517,SALISBURY WEST
8040,3517,SERPENTINE
8041,3518,BERRIMAL
8042,3518,BORUNG
8043,3518,FENTONS CREEK
8044,3518,FERNIHURST
8045,3518,FIERY FLAT
8046,3518,KURRACA
8047,3518,KURRACA WEST
8048,3518,MYSIA
8049,3518,NINE MILE
8050,3518,RICHMOND PLAINS
8051,3518,SKINNERS FLAT
8052,3518,WEDDERBURN
8053,3518,WEDDERBURN JUNCTION
8054,3518,WEHLA
8055,3518,WOOLSHED FLAT
8056,3518,WOOSANG
8057,3520,KINYPANIAL
8058,3520,KORONG VALE
8059,3520,SOUTH KINYPANIAL
8060,3521,PYALONG
8061,3522,EMU FLAT
8062,3522,GLENHOPE EAST
8063,3522,TOOBORAC
8064,3523,ARGYLE
8065,3523,COSTERFIELD
8066,3523,DERRINAL
8067,3523,HEATHCOTE
8068,3523,HEATHCOTE SOUTH
8069,3523,KNOWSLEY
8070,3523,LADYS PASS
8071,3523,MOORMBOOL WEST
8072,3523,MOUNT CAMEL
8073,3523,REDCASTLE
8074,3525,BARRAKEE
8075,3525,BUCKRABANYULE
8076,3525,CHARLTON
8077,3525,CHIRRIP
8078,3525,GRANITE FLAT
8079,3525,JEFFCOTT
8080,3525,JEFFCOTT NORTH
8081,3525,LAKE MARMAL
8082,3525,NAREEWILLOCK
8083,3525,TEDDYWADDY
8084,3525,TEDDYWADDY WEST
8085,3525,TERRAPPEE
8086,3525,WOOROONOOK
8087,3525,WYCHITELLA
8088,3525,WYCHITELLA NORTH
8089,3525,YEUNGROON
8090,3525,YEUNGROON EAST
8091,3527,BUNGULUKE
8092,3527,DUMOSA
8093,3527,GLENLOTH
8094,3527,GLENLOTH EAST
8095,3527,JERUK
8096,3527,NINYEUNOOK
8097,3527,TEDDYWADDY
8098,3527,TEDDYWADDY WEST
8099,3527,THALIA
8100,3527,TOWANINNY
8101,3527,TOWANINNY SOUTH
8102,3527,WYCHEPROOF
8103,3527,WYCHEPROOF SOUTH
8104,3529,KALPIENUNG
8105,3529,NULLAWIL
8106,3530,CULGOA
8107,3530,SUTTON
8108,3530,WANGIE
8109,3530,WARNE
8110,3531,BERRIWILLOCK
8111,3531,BOIGBEAT
8112,3531,SPRINGFIELD
8113,3533,BIMBOURIE
8114,3533,LAKE TYRRELL
8115,3533,MITTYACK
8116,3533,MYALL
8117,3533,NANDALY
8118,3533,NINDA
8119,3533,NYARRIN
8120,3533,PIER MILAN
8121,3533,SEA LAKE
8122,3533,STRATEN
8123,3533,TYENNA
8124,3533,TYRRELL
8125,3533,TYRRELL DOWNS
8126,3537,BARRAPORT
8127,3537,BARRAPORT WEST
8128,3537,BOORT
8129,3537,CANARY ISLAND
8130,3537,CATUMNAL
8131,3537,GREDGWIN
8132,3537,LEAGHUR
8133,3537,MINMINDIE
8134,3537,YANDO
8135,3540,CANNIE
8136,3540,NINYEUNOOK
8137,3540,OAKVALE
8138,3540,QUAMBATOOK
8139,3542,COKUM
8140,3542,LALBERT
8141,3542,TITTYBONG
8142,3542,TITYBONG
8143,3544,CHINANGIN
8144,3544,GOWANFORD
8145,3544,MURNUNGIN
8146,3544,SPRINGFIELD
8147,3544,ULTIMA
8148,3544,ULTIMA EAST
8149,3544,WAITCHIE
8150,3546,BOLTON
8151,3546,CHINKAPOOK
8152,3546,COCAMBA
8153,3546,GERAHMIN
8154,3546,MANANGATANG
8155,3546,TUROAR
8156,3546,WINNAMBOOL
8157,3549,ANNUELLO
8158,3549,BANNERTON
8159,3549,HAPPY VALLEY
8160,3549,LIPAROO
8161,3549,ROBINVALE
8162,3549,ROBINVALE IRRIGATION DISTRICT SECTION B
8163,3549,ROBINVALE IRRIGATION DISTRICT SECTION C
8164,3549,ROBINVALE IRRIGATION DISTRICT SECTION D
8165,3549,ROBINVALE IRRIGATION DISTRICT SECTION E
8166,3549,TOL TOL
8167,3549,WANDOWN
8168,3549,WEMEN
8169,3550,BENDIGO
8170,3550,BENDIGO SOUTH
8171,3550,DIAMOND HILL
8172,3550,EAST BENDIGO
8173,3550,FLORA HILL
8174,3550,IRONBARK
8175,3550,KENNINGTON
8176,3550,LONG GULLY
8177,3550,NORTH BENDIGO
8178,3550,QUARRY HILL
8179,3550,SANDHURST EAST
8180,3550,SPRING GULLY
8181,3550,STRATHDALE
8182,3550,TYSONS REEF
8183,3550,WEST BENDIGO
8184,3550,WHITE HILLS
8185,3551,ARNOLD
8186,3551,ARNOLD WEST
8187,3551,ASCOT
8188,3551,AXE CREEK
8189,3551,AXEDALE
8190,3551,BAGSHOT
8191,3551,BAGSHOT NORTH
8192,3551,BENDIGO FORWARD
8193,3551,CORNELLA
8194,3551,CREEK VIEW
8195,3551,EMU CREEK
8196,3551,EPPALOCK
8197,3551,EPSOM
8198,3551,HUNTLY
8199,3551,HUNTLY NORTH
8200,3551,JUNORTOUN
8201,3551,KIMBOLTON
8202,3551,LAKE EPPALOCK
8203,3551,LLANELLY
8204,3551,LOCKWOOD
8205,3551,LOCKWOOD SOUTH
8206,3551,LONGLEA
8207,3551,MAIDEN GULLY
8208,3551,MANDURANG
8209,3551,MANDURANG SOUTH
8210,3551,MINTO
8211,3551,MOSQUITO CREEK
8212,3551,MURPHYS CREEK
8213,3551,MYOLA
8214,3551,MYOLA EAST
8215,3551,MYRTLE CREEK
8216,3551,NEWBRIDGE
8217,3551,PAINSWICK
8218,3551,PILCHERS BRIDGE
8219,3551,SEDGWICK
8220,3551,STRATHFIELDSAYE
8221,3551,TARNAGULLA
8222,3551,TOOLLEEN
8223,3551,WAANYARRA
8224,3551,WELLSFORD
8225,3551,WOODSTOCK ON LODDON
8226,3552,BENDIGO
8227,3554,BENDIGO DC
8228,3555,BIG HILL
8229,3555,GOLDEN GULLY
8230,3555,GOLDEN SQUARE
8231,3555,KANGAROO FLAT
8232,3555,LANSELL PLAZA
8233,3555,SPECIMEN HILL
8234,3556,CALIFORNIA GULLY
8235,3556,CAMPBELLS FOREST
8236,3556,COMET HILL
8237,3556,EAGLEHAWK
8238,3556,EAGLEHAWK NORTH
8239,3556,JACKASS FLAT
8240,3556,MYERS FLAT
8241,3556,SAILORS GULLY
8242,3556,SEBASTIAN
8243,3556,WHIPSTICK
8244,3556,WOODVALE
8245,3557,BARNADOWN
8246,3557,FOSTERVILLE
8247,3557,GOORNONG
8248,3557,MUSKERRY
8249,3557,MUSKERRY EAST
8250,3558,BURNEWANG
8251,3558,COROP WEST
8252,3558,CREEK VIEW
8253,3558,ELMORE
8254,3558,HUNTER
8255,3558,RUNNYMEDE
8256,3559,AVONMORE
8257,3559,BURRAMBOOT
8258,3559,COLBINABBIN
8259,3559,COROP
8260,3559,GOBARUP
8261,3559,LYNDALE
8262,3559,MAYREEF
8263,3559,RUNNYMEDE
8264,3561,BALLENDELLA
8265,3561,BAMAWM
8266,3561,BAMAWM EXTENSION
8267,3561,BONN
8268,3561,DIGGORA
8269,3561,DIGGORA WEST
8270,3561,FAIRY DELL
8271,3561,NANNEELLA
8272,3561,ROCHESTER
8273,3561,ROCHESTER WEST
8274,3561,THE SETTLEMENT
8275,3561,TIMMERING
8276,3562,TORRUMBARRY
8277,3563,LOCKINGTON
8278,3564,BAMAWM EXTENSION
8279,3564,CAMPASPE WEST
8280,3564,ECHUCA
8281,3564,ECHUCA EAST
8282,3564,ECHUCA SOUTH
8283,3564,ECHUCA VILLAGE
8284,3564,ECHUCA WEST
8285,3564,KANYAPELLA
8286,3564,MCEVOYS
8287,3564,PATHO
8288,3564,PATHO WEST
8289,3564,ROSLYNMEAD
8290,3564,SIMMIE
8291,3564,WHARPARILLA
8292,3565,KOTTA
8293,3566,GUNBOWER
8294,3567,HORFIELD
8295,3567,LEITCHVILLE
8296,3568,BURKES BRIDGE
8297,3568,COHUNA
8298,3568,CULLEN
8299,3568,DALTONS BRIDGE
8300,3568,GANNAWARRA
8301,3568,KEELY
8302,3568,MACORNA NORTH
8303,3568,MCMILLANS
8304,3568,MEAD
8305,3568,MINCHA WEST
8306,3568,WEE WEE RUP
8307,3570,AUCHMORE
8308,3570,DRUMMARTIN
8309,3570,KAMAROOKA
8310,3570,NEILBOROUGH
8311,3570,RAYWOOD
8312,3570,SUMMERFIELD
8313,3571,DINGEE
8314,3571,KAMAROOKA NORTH
8315,3571,POMPAPIEL
8316,3571,TANDARRA
8317,3571,YALLOOK
8318,3572,MILLOO
8319,3572,PIAVELLA
8320,3572,PRAIRIE
8321,3572,TENNYSON
8322,3573,CALIVIL
8323,3573,MITIAMO
8324,3573,PINE GROVE
8325,3573,PINE GROVE EAST
8326,3573,TERRICK TERRICK EAST
8327,3575,BALD ROCK
8328,3575,GLADFIELD
8329,3575,JUNGABURRA
8330,3575,LODDON VALE
8331,3575,MINCHA
8332,3575,MOLOGA
8333,3575,PYRAMID HILL
8334,3575,SYLVATERRE
8335,3575,TERRICK TERRICK
8336,3575,YARRAWALLA
8337,3576,DURHAM OX
8338,3579,APPIN
8339,3579,APPIN SOUTH
8340,3579,BAEL BAEL
8341,3579,BEAUCHAMP
8342,3579,BENJEROOP
8343,3579,BUDGERUM EAST
8344,3579,CAPELS CROSSING
8345,3579,DINGWALL
8346,3579,EAST YEOBURN
8347,3579,FAIRLEY
8348,3579,GONN CROSSING
8349,3579,KERANG
8350,3579,KERANG EAST
8351,3579,KOROOP
8352,3579,LAKE MERAN
8353,3579,MACORNA
8354,3579,MEERING WEST
8355,3579,MILNES BRIDGE
8356,3579,MURRABIT
8357,3579,MURRABIT WEST
8358,3579,MYALL
8359,3579,MYSTIC PARK
8360,3579,NORMANVILLE
8361,3579,PINE VIEW
8362,3579,REEDY LAKE
8363,3579,SANDHILL LAKE
8364,3579,TEAL POINT
8365,3579,TRAGOWEL
8366,3579,WANDELLA
8367,3579,WESTBY
8368,3580,KOONDROOK
8369,3581,BEAUCHAMP
8370,3581,LAKE CHARM
8371,3583,TRESCO
8372,3584,LAKE BOGA
8373,3584,TRESCO WEST
8374,3585,CASTLE DONNINGTON
8375,3585,CHILLINGOLLAH
8376,3585,FISH POINT
8377,3585,GOSCHEN
8378,3585,KUNAT
8379,3585,MEATIAN
8380,3585,NOWIE
8381,3585,NYRRABY
8382,3585,PIRA
8383,3585,POLISBET
8384,3585,SPEEWA
8385,3585,SWAN HILL
8386,3585,SWAN HILL PIONEER
8387,3585,SWAN HILL WEST
8388,3585,WINLATON
8389,3586,BULGA
8391,3586,MURRAWEE
8392,3586,MURRAYDALE
8393,3586,PENTAL ISLAND
8394,3586,TYNTYNDER
8395,3586,TYNTYNDER SOUTH
8396,3586,ULTIMA EAST
8397,3588,WOORINEN SOUTH
8398,3589,WOORINEN
8399,3589,WOORINEN NORTH
8400,3590,BEVERFORD
8401,3591,VINIFERA
8402,3594,NYAH
8403,3595,NYAH WEST
8404,3596,MIRALIE
8405,3596,TOWAN
8406,3596,WOOD WOOD
8407,3597,KENLEY
8408,3597,KOOLOONONG
8409,3597,LAKE POWELL
8410,3597,NARRUNG
8411,3597,NATYA
8412,3597,PIANGIL
8413,3599,BOUNDARY BEND
8414,3607,TABILK
8415,3608,BAILIESTON
8416,3608,GOULBURN WEIR
8417,3608,GRAYTOWN
8418,3608,KIRWANS BRIDGE
8419,3608,MITCHELLSTOWN
8420,3608,NAGAMBIE
8421,3608,WAHRING
8422,3608,WIRRATE
8423,3610,DHURRINGILE
8424,3610,MOORILIM
8425,3610,MURCHISON
8426,3610,MURCHISON EAST
8427,3610,MURCHISON NORTH
8428,3612,MOORA
8429,3612,RUSHWORTH
8430,3612,WANALTA
8431,3612,WARANGA
8432,3612,WARANGA SHORES
8433,3612,WHROO
8434,3614,TOOLAMBA
8435,3614,TOOLAMBA WEST
8436,3616,COOMA
8437,3616,GILLIESTON
8438,3616,GIRGARRE EAST
8439,3616,HARSTON
8440,3616,MOOROOPNA NORTH WEST
8441,3616,TATURA
8442,3616,TATURA EAST
8443,3616,TOOLAMBA WEST
8444,3616,WARANGA
8445,3617,BYRNESIDE
8446,3618,MERRIGUM
8447,3619,KYABRAM
8448,3620,KYABRAM
8449,3620,KYABRAM SOUTH
8450,3620,LANCASTER
8451,3620,MOUNT SCOBIE
8452,3620,ST GERMAINS
8453,3620,TARIPTA
8454,3620,WYUNA
8455,3620,WYUNA EAST
8456,3621,KOYUGA SOUTH
8457,3621,KY VALLEY
8458,3621,KY WEST
8459,3621,KYVALLEY
8460,3621,TONGALA
8461,3621,YAMBUNA
8462,3622,CORNELIA CREEK
8463,3622,KOYUGA
8464,3622,STRATHALLAN
8465,3623,CARAG CARAG
8466,3623,STANHOPE
8467,3623,STANHOPE SOUTH
8468,3624,GIRGARRE
8469,3629,ARDMONA
8470,3629,COOMBOONA
8471,3629,MOOROOPNA
8472,3629,MOOROOPNA NORTH
8473,3629,UNDERA
8474,3630,BENARCH
8475,3630,BRANDITT
8476,3630,CANIAMBO
8477,3630,COLLIVER
8478,3630,DUNKIRK
8479,3630,SHEPPARTON
8480,3630,SHEPPARTON SOUTH
8481,3631,ARCADIA
8482,3631,ARCADIA SOUTH
8483,3631,BRANDITT
8484,3631,COSGROVE
8485,3631,COSGROVE SOUTH
8486,3631,GRAHAMVALE
8487,3631,KARRAMOMUS
8488,3631,KIALLA
8489,3631,KIALLA EAST
8490,3631,KIALLA WEST
8491,3631,LEMNOS
8492,3631,ORRVALE
8493,3631,PINE LODGE
8494,3631,SHEPPARTON EAST
8495,3631,SHEPPARTON NORTH
8496,3631,TAMLEUGH WEST
8497,3632,SHEPPARTON
8498,3633,CONGUPNA
8499,3634,BUNBARTHA
8500,3634,INVERGORDON SOUTH
8501,3634,KATANDRA
8502,3634,KATANDRA WEST
8503,3634,MARIONVALE
8504,3634,MARUNGI
8505,3634,TALLYGAROOPNA
8506,3634,ZEERUST
8507,3635,KAARIMBA
8508,3635,MUNDOONA
8509,3635,WUNGHNU
8510,3636,DRUMANURE
8511,3636,INVERGORDON
8512,3636,NARING
8513,3636,NUMURKAH
8514,3637,WAAIA
8515,3637,YALCA
8516,3638,KOTUPNA
8517,3638,NATHALIA
8518,3638,YIELIMA
8519,3639,BARMAH
8520,3639,LOWER MOIRA
8521,3639,PICOLA
8522,3639,PICOLA WEST
8523,3640,KATUNGA
8524,3641,BEARII
8525,3641,MYWEE
8526,3641,STRATHMERTON
8527,3641,ULUPNA
8528,3643,COBRAM
8530,3644,COBRAM
8531,3644,COBRAM EAST
8532,3644,KOONOOMOO
8534,3644,MUCKATAH
8535,3644,YARROWEYAH
8536,3646,DOOKIE
8537,3646,MOUNT MAJOR
8538,3646,NALINGA
8539,3646,WAGGARANDALL
8540,3646,WATTVILLE
8541,3646,YABBA NORTH
8542,3646,YABBA SOUTH
8543,3646,YOUANMITE
8544,3647,DOOKIE COLLEGE
8545,3649,KATAMATITE
8546,3649,KATAMATITE EAST
8547,3658,BROADFORD
8548,3658,CLONBINANE
8549,3658,CLONBINANE
8550,3658,FLOWERDALE
8551,3658,HAZELDENE
8552,3658,REEDY CREEK
8553,3658,STRATH CREEK
8554,3658,SUGARLOAF CREEK
8555,3658,SUNDAY CREEK
8556,3658,TYAAK
8557,3658,WATERFORD PARK
8558,3659,SUGARLOAF CREEK
8559,3659,TALLAROOK
8560,3660,CAVEAT
8561,3660,DROPMORE
8562,3660,DYSART
8563,3660,HIGHLANDS
8564,3660,HILLDENE
8565,3660,KERRISDALE
8566,3660,KOBYBOYN
8567,3660,NORTHWOOD
8568,3660,SEYMOUR
8569,3660,SEYMOUR SOUTH
8570,3660,TRAWOOL
8571,3660,WHITEHEADS CREEK
8572,3661,SEYMOUR
8573,3662,PUCKAPUNYAL
8574,3662,PUCKAPUNYAL MILPO
8575,3663,MANGALORE
8576,3664,AVENEL
8577,3664,UPTON HILL
8578,3665,LOCKSLEY
8579,3665,LONGWOOD
8580,3665,PRANJIP
8581,3666,BALMATTUM
8582,3666,CREIGHTON
8583,3666,CREIGHTONS CREEK
8584,3666,EUROA
8585,3666,GOORAM
8586,3666,KELVIN VIEW
8587,3666,KITHBROOK
8588,3666,LONGWOOD EAST
8589,3666,MIEPOLL
8590,3666,MOGLONEMBY
8591,3666,MOLKA
8592,3666,PRANJIP
8593,3666,RIGGS CREEK
8594,3666,RUFFY
8595,3666,SHEANS CREEK
8596,3666,STRATHBOGIE
8597,3666,TARCOMBE
8598,3669,BOHO
8599,3669,BOHO SOUTH
8600,3669,CREEK JUNCTION
8601,3669,EARLSTON
8602,3669,GOWANGARDIE
8603,3669,KOONDA
8604,3669,MARRAWEENEY
8605,3669,TAMLEUGH
8606,3669,TAMLEUGH NORTH
8607,3669,UPOTIPOTPON
8608,3669,VIOLET TOWN
8609,3670,BADDAGINNIE
8610,3670,TARNOOK
8611,3670,WARRENBAYNE
8612,3671,BENALLA
8613,3672,BENALLA
8614,3672,BENALLA WEST
8615,3673,BENALLA
8616,3673,BROKEN CREEK
8617,3673,GOOMALIBEE
8618,3673,KILFEERA
8619,3673,LAKE MOKOAN
8620,3673,LIMA
8621,3673,LIMA EAST
8622,3673,LIMA SOUTH
8623,3673,LURG
8624,3673,MOLYULLAH
8625,3673,MOORNGAG
8626,3673,SAMARIA
8627,3673,SWANPOOL
8628,3673,TATONG
8629,3673,UPOTIPOTPON
8630,3673,UPPER LURG
8631,3673,UPPER RYANS CREEK
8632,3673,WINTON
8633,3673,WINTON NORTH
8634,3675,BOWEYA
8635,3675,BOWEYA NORTH
8636,3675,GLENROWAN
8637,3675,GLENROWAN WEST
8638,3675,GRETA
8639,3675,GRETA SOUTH
8640,3675,GRETA WEST
8641,3675,HANSONVILLE
8642,3675,MOUNT BRUNO
8643,3675,TAMINICK
8644,3676,WANGARATTA
8645,3677,APPIN PARK
8646,3677,WANGARATTA
8647,3677,WANGARATTA WEST
8648,3677,YARRUNGA
8649,3678,BOBINAWARRAH
8650,3678,BOORHAMAN
8651,3678,BOORHAMAN EAST
8652,3678,BOWSER
8653,3678,BYAWATHA
8654,3678,CARBOOR
8655,3678,CHESHUNT
8656,3678,CHESHUNT SOUTH
8657,3678,DOCKER
8658,3678,DOCKERS PLAINS
8659,3678,EAST WANGARATTA
8660,3678,EDI
8661,3678,EDI UPPER
8662,3678,EVERTON
8663,3678,EVERTON UPPER
8664,3678,KILLAWARRA
8665,3678,KING VALLEY
8666,3678,LACEBY
8667,3678,LONDRIGAN
8668,3678,MARKWOOD
8669,3678,MEADOW CREEK
8670,3678,MILAWA
8671,3678,NORTH WANGARATTA
8672,3678,OXLEY
8673,3678,OXLEY FLATS
8674,3678,PEECHELBA
8675,3678,PEECHELBA EAST
8676,3678,ROSE RIVER
8677,3678,TARRAWINGEE
8678,3678,WABONGA
8679,3678,WALDARA
8680,3678,WANGANDARY
8681,3678,WANGARATTA FORWARD
8682,3678,WANGARATTA SOUTH
8683,3678,WHITLANDS
8684,3682,BORALMA
8685,3682,LILLIPUT
8686,3682,NORONG
8687,3682,SPRINGHURST
8688,3683,CHILTERN
8689,3683,CHILTERN VALLEY
8690,3683,CORNISHTOWN
8691,3683,INDIGO
8692,3685,BOORHAMAN NORTH
8693,3685,BRIMIN
8694,3685,BROWNS PLAINS
8695,3685,CARLYLE
8696,3685,DUGAYS BRIDGE
8697,3685,GOORAMADDA
8698,3685,GREAT SOUTHERN
8699,3685,LAKE MOODEMERE
8700,3685,NORONG CENTRAL
8701,3685,PRENTICE NORTH
8702,3685,RUTHERGLEN
8703,3687,CARLYLE
8704,3687,WAHGUNYAH
8705,3688,BARNAWARTHA
8706,3688,BARNAWARTHA NORTH
8707,3688,INDIGO UPPER
8708,3688,INDIGO VALLEY
8709,3689,WODONGA
8710,3690,WEST WODONGA
8711,3690,WODONGA
8712,3690,WODONGA PLAZA
8713,3691,ALLANS FLAT
8714,3691,BANDIANA
8715,3691,BARANDUDA
8716,3691,BARNAWARTHA NORTH
8717,3691,BELLBRIDGE
8718,3691,BERRINGAMA
8719,3691,BETHANGA
8720,3691,BONEGILLA
8721,3691,BUNGIL
8722,3691,CASTLE CREEK
8723,3691,CORAL BANK
8724,3691,DEDERANG
8725,3691,EBDEN
8726,3691,GATEWAY ISLAND
8727,3691,GLEN CREEK
8728,3691,GUNDOWRING
8729,3691,HUME WEIR
8730,3691,HUON CREEK
8731,3691,KANCOONA
8732,3691,KANCOONA SOUTH
8733,3691,KERGUNYAH
8734,3691,KERGUNYAH SOUTH
8735,3691,KIEWA
8736,3691,KILLARA
8738,3691,LENEVA
8739,3691,LONE PINE
8740,3691,LUCYVALE
8741,3691,MONGANS BRIDGE
8742,3691,MOUNT ALFRED
8743,3691,OSBORNES FLAT
8744,3691,RUNNING CREEK
8745,3691,STAGHORN FLAT
8746,3691,TALGARNO
8747,3691,TANGAMBALANGA
8748,3691,THOLOGOLONG
8749,3691,UPPER GUNDOWRING
8750,3691,WODONGA FORWARD
8751,3694,BANDIANA
8752,3694,BANDIANA MILPO
8753,3695,CHARLEROI
8754,3695,HUON
8755,3695,RED BLUFF
8756,3695,SANDY CREEK
8757,3697,TAWONGA
8758,3698,TAWONGA SOUTH
8759,3699,BOGONG
8760,3699,FALLS CREEK
8761,3699,MOUNT BEAUTY
8762,3699,NELSE
8763,3700,BULLIOH
8764,3700,GEORGES CREEK
8765,3700,JARVIS CREEK
8766,3700,TALLANGATTA
8767,3700,TALLANGATTA EAST
8768,3701,DARTMOUTH
8769,3701,ESKDALE
8770,3701,FERNVALE
8771,3701,GRANITE FLAT
8772,3701,GRANYA
8773,3701,MITTA MITTA
8774,3701,OLD TALLANGATTA
8775,3701,SHELLEY
8776,3701,TALLANDOON
8777,3701,TALLANGATTA SOUTH
8778,3701,TALLANGATTA VALLEY
8779,3704,KOETONG
8780,3705,CUDGEWA
8781,3705,NARIEL VALLEY
8782,3707,BIGGARA
8784,3707,COLAC COLAC
8785,3707,CORRYONG
8786,3707,NARIEL VALLEY
8787,3707,THOWGLA VALLEY
8788,3707,TOM GROGGIN
8789,3707,TOWONG
8790,3707,TOWONG UPPER
8791,3708,TINTALDRA
8792,3709,BURROWYE
8793,3709,GUYS FOREST
8794,3709,MOUNT ALFRED
8795,3709,PINE MOUNTAIN
8796,3709,WALWA
8797,3711,BUXTON
8798,3712,RUBICON
8799,3712,THORNTON
8800,3713,EILDON
8801,3713,LAKE EILDON
8802,3713,TAYLOR BAY
8803,3714,ACHERON
8804,3714,ALEXANDRA
8805,3714,CATHKIN
8806,3714,CRYSTAL CREEK
8807,3714,DEVILS RIVER
8808,3714,FAWCETT
8809,3714,KORIELLA
8810,3714,MAINTONGOON
8811,3714,TAGGERTY
8812,3714,WHANREGARWEN
8813,3715,ANCONA
8814,3715,MERTON
8815,3715,WOODFIELD
8816,3717,FLOWERDALE
8817,3717,GHIN GHIN
8818,3717,GLENBURN
8819,3717,HOMEWOOD
8820,3717,KILLINGWORTH
8821,3717,LIMESTONE
8822,3717,MURRINDINDI
8823,3717,YEA
8824,3718,MOLESWORTH
8825,3719,GOBUR
8826,3719,KANUMBRA
8827,3719,TERIP TERIP
8828,3719,YARCK
8829,3720,BONNIE DOON
8830,3722,BARWITE
8831,3722,MANSFIELD
8832,3722,MIRIMBAH
8833,3723,ARCHERTON
8834,3723,BARJARG
8835,3723,BOOROLITE
8836,3723,BRIDGE CREEK
8837,3723,DELATITE
8838,3723,ENOCHS POINT
8839,3723,GAFFNEYS CREEK
8840,3723,GOUGHS BAY
8841,3723,HOWES CREEK
8842,3723,HOWQUA
8843,3723,HOWQUA HILLS
8844,3723,HOWQUA INLET
8845,3723,JAMIESON
8846,3723,KEVINGTON
8847,3723,KNOCKWOOD
8848,3723,MACS COVE
8849,3723,MAINDAMPLE
8850,3723,MATLOCK
8851,3723,MERRIJIG
8852,3723,MOUNT BULLER
8853,3723,MOUNTAIN BAY
8854,3723,NILLAHCOOTIE
8855,3723,PIRIES
8856,3723,SAWMILL SETTLEMENT
8857,3723,TOLMIE
8858,3723,WOODS POINT
8859,3724,MANSFIELD
8860,3725,BOXWOOD
8861,3725,CHESNEY VALE
8862,3725,GOORAMBAT
8863,3725,MAJOR PLAINS
8864,3725,STEWARTON
8865,3726,BUNGEET
8866,3726,BUNGEET WEST
8867,3726,DEVENISH
8868,3726,THOONA
8869,3727,ALMONDS
8870,3727,LAKE ROWAN
8871,3727,PELLUEBLA
8872,3727,ST JAMES
8873,3727,WAGGARANDALL
8874,3727,YUNDOOL
8875,3728,BOOMAHNOOMOONAH
8876,3728,TUNGAMAH
8877,3728,WILBY
8878,3728,YOUARANG
8879,3730,BATHUMI
8880,3730,BOOSEY
8881,3730,BUNDALONG
8882,3730,BUNDALONG SOUTH
8883,3730,BURRAMINE
8884,3730,BURRAMINE SOUTH
8885,3730,ESMOND
8886,3730,TELFORD
8887,3730,YARRAWONGA
8888,3730,YARRAWONGA SOUTH
8889,3732,MOYHU
8890,3732,MYRRHEE
8891,3733,WHITFIELD
8892,3735,BOWMANS FOREST
8893,3735,WHOROULY
8894,3735,WHOROULY EAST
8895,3735,WHOROULY SOUTH
8896,3736,MYRTLEFORD
8897,3737,ABBEYARD
8898,3737,BARWIDGEE
8899,3737,BUFFALO RIVER
8900,3737,DANDONGADALE
8901,3737,GAPSTED
8902,3737,HAVILAH
8903,3737,HAVILLAH
8904,3737,MERRIANG
8905,3737,MERRIANG SOUTH
8906,3737,MUDGEGONGA
8907,3737,MYRTLEFORD
8908,3737,NUG NUG
8909,3737,ROSEWHITE
8910,3737,SELWYN
8911,3737,WONNANGATTA
8912,3738,OVENS
8913,3739,EUROBIN
8914,3740,BUCKLAND
8915,3740,MOUNT BUFFALO
8916,3740,POREPUNKAH
8917,3741,BRIGHT
8918,3741,FREEBURGH
8919,3741,GERMANTOWN
8920,3741,HARRIETVILLE
8921,3741,HOTHAM HEIGHTS
8922,3741,MOUNT HOTHAM
8923,3741,SMOKO
8924,3744,WANDILIGONG
8925,3746,ELDORADO
8926,3747,BAARMUTHA
8927,3747,BEECHWORTH
8928,3747,HURDLE FLAT
8929,3747,MURMUNGEE
8930,3747,SILVER CREEK
8931,3747,STANLEY
8932,3747,WOOLSHED
8933,3747,WOORAGEE
8934,3749,BRUARONG
8935,3749,YACKANDANDAH
8936,3750,WOLLERT
8937,3751,WOODSTOCK
8938,3752,MORANG SOUTH
8939,3752,SOUTH MORANG
8940,3753,BEVERIDGE
8941,3754,DOREEN
8942,3754,MERNDA
8943,3755,YAN YEAN
8944,3756,CHINTIN
8945,3756,DARRAWEIT GUIM
8946,3756,HIDDEN VALLEY
8947,3756,UPPER PLENTY
8948,3756,WALLAN
8949,3756,WALLAN EAST
8950,3757,BRUCES CREEK
8951,3757,EDEN PARK
8952,3757,HUMEVALE
8953,3757,KINGLAKE CENTRAL
8954,3757,KINGLAKE WEST
8955,3757,PHEASANT CREEK
8956,3757,WHITTLESEA
8957,3758,HEATHCOTE JUNCTION
8958,3758,WANDONG
8959,3759,PANTON HILL
8960,3760,SMITHS GULLY
8961,3760,SMITHS GULLY
8962,3761,ST ANDREWS
8963,3762,BYLANDS
8964,3763,KINGLAKE
8965,3763,MOUNT SLIDE
8966,3764,FORBES
8967,3764,GLENAROUA
8968,3764,HIGH CAMP
8969,3764,KILMORE
8970,3764,KILMORE EAST
8971,3764,MORANDING
8972,3764,TANTARABOO
8973,3764,WILLOWMAVIN
8974,3765,MONTROSE
8975,3766,KALORAMA
8976,3767,MOUNT DANDENONG
8977,3770,COLDSTREAM
8978,3770,GRUYERE
8979,3770,YERING
8980,3775,CHRISTMAS HILLS
8981,3775,DIXONS CREEK
8982,3775,STEELS CREEK
8983,3775,TARRAWARRA
8984,3775,YARRA GLEN
8985,3777,BADGER CREEK
8986,3777,CASTELLA
8987,3777,CHUM CREEK
8988,3777,HEALESVILLE
8989,3777,HEALESVILLE MAIN STREET
8990,3777,HEALESVILLE POST SHOP
8991,3777,MOUNT TOOLEBEWONG
8992,3777,TOOLANGI
8993,3778,FERNSHAW
8994,3778,NARBETHONG
8995,3779,CAMBARVILLE
8996,3779,MARYSVILLE
8997,3781,COCKATOO
8998,3781,MOUNT BURNETT
8999,3781,NANGANA
9000,3782,AVONSLEIGH
9001,3782,CLEMATIS
9002,3782,EMERALD
9003,3782,MACCLESFIELD
9004,3783,GEMBROOK
9005,3785,TREMONT
9006,3786,FERNY CREEK
9007,3787,SASSAFRAS
9008,3787,SASSAFRAS GULLY
9009,3788,OLINDA
9010,3789,SHERBROOKE
9011,3791,KALLISTA
9012,3792,THE PATCH
9013,3793,MONBULK
9014,3795,SILVAN
9015,3796,MOUNT EVELYN
9016,3797,GILDEROY
9017,3797,GLADYSDALE
9018,3797,POWELLTOWN
9019,3797,THREE BRIDGES
9020,3797,YARRA JUNCTION
9021,3799,BIG PATS CREEK
9022,3799,EAST WARBURTON
9023,3799,MCMAHONS CREEK
9024,3799,MILLGROVE
9025,3799,REEFTON
9026,3799,WARBURTON
9027,3799,WESBURN
9028,3800,MONASH UNIVERSITY
9029,3802,ENDEAVOUR HILLS
9030,3803,HALLAM
9031,3804,NARRE WARREN EAST
9032,3804,NARRE WARREN NORTH
9033,3805,FOUNTAIN GATE
9034,3805,NARRE WARREN
9035,3805,NARRE WARREN SOUTH
9036,3806,BERWICK
9037,3806,HARKAWAY
9038,3807,BEACONSFIELD
9039,3807,GUYS HILL
9040,3808,BEACONSFIELD UPPER
9041,3808,DEWHURST
9042,3809,OFFICER
9043,3809,OFFICER SOUTH
9044,3810,PAKENHAM
9045,3810,PAKENHAM SOUTH
9046,3810,PAKENHAM UPPER
9047,3810,RYTHDALE
9048,3812,MARYKNOLL
9049,3812,NAR NAR GOON
9050,3812,NAR NAR GOON NORTH
9051,3813,TYNONG
9052,3813,TYNONG NORTH
9053,3814,CORA LYNN
9054,3814,GARFIELD
9055,3814,GARFIELD NORTH
9056,3814,VERVALE
9057,3815,BUNYIP
9058,3815,BUNYIP NORTH
9059,3815,IONA
9060,3815,TONIMBUK
9061,3816,LABERTOUCHE
9062,3816,LONGWARRY
9063,3816,LONGWARRY NORTH
9064,3816,MODELLA
9065,3818,ATHLONE
9066,3818,DROUIN
9067,3818,DROUIN EAST
9068,3818,DROUIN SOUTH
9069,3818,DROUIN WEST
9070,3818,HALLORA
9071,3818,JINDIVICK
9072,3818,RIPPLEBROOK
9073,3818,TARAGO
9074,3820,BONA VISTA
9075,3820,LILLICO
9076,3820,WARRAGUL
9077,3821,BRANDY CREEK
9078,3821,BRAVINGTON
9079,3821,BULN BULN
9080,3821,BULN BULN EAST
9081,3821,CROSSOVER
9082,3821,ELLINBANK
9083,3821,FERNDALE
9084,3821,LARDNER
9085,3821,NAYOOK
9086,3821,NEERIM JUNCTION
9087,3821,NEERIM NORTH
9088,3821,NILMA
9089,3821,NILMA NORTH
9090,3821,ROKEBY
9091,3821,SEAVIEW
9092,3821,SHADY CREEK
9093,3821,TETOORA ROAD
9094,3821,TORWOOD
9095,3821,WARRAGUL SOUTH
9096,3821,WARRAGUL WEST
9097,3822,CLOVERLEA
9098,3822,DARNUM
9099,3822,GAINSBOROUGH
9100,3823,ALLAMBEE
9101,3823,YARRAGON
9102,3823,YARRAGON SOUTH
9103,3824,CHILDERS
9104,3824,NARRACAN
9105,3824,THORPDALE SOUTH
9106,3824,TRAFALGAR
9107,3824,TRAFALGAR EAST
9108,3824,TRAFALGAR SOUTH
9109,3825,ABERFELDY
9110,3825,AMOR
9111,3825,BOOLA
9112,3825,CARINGAL
9113,3825,COALVILLE
9114,3825,COOPERS CREEK
9115,3825,ERICA
9116,3825,FUMINA
9117,3825,FUMINA SOUTH
9118,3825,HERNES OAK
9119,3825,HILL END
9120,3825,JACOB CREEK
9121,3825,JERICHO
9122,3825,MOE
9123,3825,MOE SOUTH
9124,3825,MOONDARRA
9125,3825,NEWBOROUGH
9126,3825,NEWBOROUGH EAST
9127,3825,RAWSON
9128,3825,TANJIL
9129,3825,TANJIL SOUTH
9130,3825,THALLOO
9131,3825,THALOO
9132,3825,THOMSON
9133,3825,TOOMBON
9134,3825,WALHALLA
9135,3825,WALHALLA EAST
9136,3825,WESTBURY
9137,3825,WILLOW GROVE
9138,3825,YALLOURN
9139,3825,YALLOURN NORTH
9140,3831,NEERIM
9141,3831,NEERIM EAST
9142,3831,NEERIM SOUTH
9143,3832,NAYOOK
9144,3832,NEERIM JUNCTION
9145,3832,NEERIM NORTH
9146,3833,ADA
9147,3833,BAW BAW
9148,3833,BAW BAW VILLAGE
9149,3833,GENTLE ANNIE
9150,3833,ICY CREEK
9151,3833,LOCH VALLEY
9152,3833,MT BAW BAW
9153,3833,NOOJEE
9154,3833,PIEDMONT
9155,3833,TANJIL BREN
9156,3833,TOORONGO
9157,3833,VESPER
9158,3835,THORPDALE
9159,3840,DRIFFIELD
9160,3840,HAZELWOOD
9161,3840,HAZELWOOD NORTH
9162,3840,HAZELWOOD SOUTH
9163,3840,JEERALANG
9164,3840,JEERALANG JUNCTION
9165,3840,MARYVALE
9166,3840,MID VALLEY
9167,3840,MORWELL
9168,3840,MORWELL EAST
9169,3840,MORWELL UPPER
9170,3841,GIPPSLAND MC
9171,3842,CHURCHILL
9172,3844,BLACKWARRY
9173,3844,CALLIGNEE
9174,3844,CALLIGNEE NORTH
9175,3844,CALLIGNEE SOUTH
9176,3844,CARRAJUNG
9177,3844,CARRAJUNG LOWER
9178,3844,CARRAJUNG SOUTH
9179,3844,FLYNN
9180,3844,FLYNNS CREEK
9181,3844,KOORNALLA
9182,3844,LOY YANG
9183,3844,MOUNT TASSIE
9184,3844,TRARALGON
9185,3844,TRARALGON EAST
9186,3844,TRARALGON SOUTH
9187,3844,TYERS
9188,3844,WILLUNG SOUTH
9189,3847,HIAMDALE
9190,3847,NAMBROK
9191,3847,ROSEDALE
9192,3847,WILLUNG
9193,3847,WILLUNG SOUTH
9194,3850,GIFFARD
9195,3850,GUTHRIDGE
9196,3850,SALE
9197,3850,SALE NORTH
9198,3850,WURRUK
9199,3851,AIRLY
9200,3851,BUNDALAGUAH
9201,3851,CLYDEBANK
9202,3851,COBAINS
9203,3851,DARRIMAN
9204,3851,DUTSON
9205,3851,DUTSON DOWNS
9206,3851,FLAMINGO BEACH
9207,3851,FULHAM
9208,3851,GIFFARD
9209,3851,GIFFARD WEST
9210,3851,GLOMAR BEACH
9211,3851,GOLDEN BEACH
9212,3851,KILMANY
9213,3851,LAKE WELLINGTON
9214,3851,LOCH SPORT
9215,3851,LONGFORD
9216,3851,MONTGOMERY
9217,3851,MYRTLEBANK
9218,3851,PARADISE BEACH
9219,3851,PEARSONDALE
9220,3851,SEACOMBE
9221,3851,SEASPRAY
9222,3851,SOMERTON PARK
9223,3851,STRADBROKE
9224,3851,THE HEART
9225,3851,THE HONEYSUCKLES
9226,3852,EAST SALE
9227,3852,EAST SALE RAAF
9228,3852,SALE EAST RAAF
9229,3853,SALE
9230,3854,GLENGARRY
9231,3854,GLENGARRY NORTH
9232,3854,GLENGARRY WEST
9233,3856,TOONGABBIE
9234,3857,COWWARR
9235,3858,ARBUCKLE
9236,3858,BILLABONG
9237,3858,BURAGWONDUC
9238,3858,CROOKAYAN
9239,3858,DAWSON
9240,3858,DENISON
9241,3858,GILLUM
9242,3858,GLEN FALLOCH
9243,3858,GLENFALLOCH
9244,3858,GLENMAGGIE
9245,3858,HEYFIELD
9246,3858,HOWITT PLAINS
9247,3858,LICOLA
9248,3858,LICOLA NORTH
9249,3858,REYNARD
9250,3858,SARGOOD
9251,3858,SEATON
9252,3858,TAMBORITHA
9253,3858,WINNINDOO
9254,3858,WORROWING
9255,3858,YANGOURA
9256,3859,MAFFRA WEST UPPER
9257,3859,MEWBURN PARK
9258,3859,NEWRY
9259,3859,TINAMBA
9260,3859,TINAMBA WEST
9261,3860,BOISDALE
9262,3860,BRIAGOLONG
9263,3860,BUSHY PARK
9264,3860,COONGULLA
9265,3860,KOOROOL
9266,3860,MAFFRA
9267,3860,MONOMAK
9268,3860,MOROKA
9269,3860,NAP NAP MARRA
9270,3860,NUNTIN
9271,3860,RIVERSLEA
9272,3860,TOOLOME
9273,3860,VALENCIA CREEK
9274,3860,WOOLENOOK
9275,3860,WRATHUNG
9276,3860,WRIXON
9277,3862,BUDGEE BUDGEE
9278,3862,CASTLEBURN
9279,3862,COBBANNAH
9280,3862,COWA
9281,3862,CROOKED RIVER
9282,3862,DARGO
9283,3862,HAWKHURST
9284,3862,HOLLANDS LANDING
9285,3862,LLOWALONG
9286,3862,MEERLIEU
9287,3862,MIOWERA
9288,3862,MOORNAPA
9289,3862,MUNRO
9290,3862,PERRY BRIDGE
9291,3862,STOCKDALE
9292,3862,STRATFORD
9293,3862,WATERFORD
9294,3862,WONGUNGARRA
9295,3864,FERNBANK
9296,3864,GLENALADALE
9297,3864,THE FINGERBOARD
9298,3865,LINDENOW
9299,3869,JUMBUK
9300,3869,YINNAR
9301,3869,YINNAR SOUTH
9302,3870,BOOLARRA
9303,3870,BOOLARRA SOUTH
9304,3870,BUDGEREE
9305,3870,BUDGEREE EAST
9306,3870,GRAND RIDGE
9307,3870,JOHNSTONES HILL
9308,3870,MIRBOO EAST
9309,3871,ALLAMBEE RESERVE
9310,3871,ALLAMBEE SOUTH
9311,3871,BAROMI
9312,3871,DARLIMURLA
9313,3871,DELBURN
9314,3871,DOLLAR
9315,3871,LIMONITE
9316,3871,MIRBOO
9317,3871,MIRBOO NORTH
9318,3871,TARWIN EAST
9319,3873,GORMANDALE
9320,3874,CARRAJUNG SOUTH
9321,3874,CHERRILONG
9322,3874,MCLOUGHLINS BEACH
9323,3874,WOODSIDE
9324,3874,WOODSIDE BEACH
9325,3874,WOODSIDE NORTH
9326,3875,BAIRNSDALE
9327,3875,BANKSIA PENINSULA
9328,3875,BENGWORDEN
9329,3875,BROADLANDS
9330,3875,BULLUMWAAL
9331,3875,CALULU
9332,3875,CLIFTON CREEK
9333,3875,DEPTFORD
9334,3875,EAST BAIRNSDALE
9335,3875,EASTWOOD
9336,3875,ELLASWOOD
9337,3875,FAIRY DELL
9338,3875,FLAGGY CREEK
9339,3875,FORGE CREEK
9340,3875,GOON NURE
9341,3875,GRANITE ROCK
9342,3875,HILLSIDE
9343,3875,HOLLANDS LANDING
9344,3875,IGUANA CREEK
9345,3875,LINDENOW SOUTH
9346,3875,LUCKNOW
9347,3875,MARTHAVALE
9348,3875,MELWOOD
9349,3875,MERRIJIG
9350,3875,MOUNT TAYLOR
9351,3875,NEWLANDS ARM
9352,3875,RYANS
9353,3875,SARSFIELD
9354,3875,TABBERABBERA
9355,3875,WALPA
9356,3875,WATERHOLES
9357,3875,WENTWORTH
9358,3875,WOODGLEN
9359,3875,WUK WUK
9360,3875,WY YUNG
9361,3878,EAGLE POINT
9362,3880,BOOLE POOLE
9363,3880,OCEAN GRANGE
9364,3880,PAYNESVILLE
9365,3880,RAYMOND ISLAND
9366,3882,NICHOLSON
9367,3885,BRUMBY
9368,3885,BRUTHEN
9369,3885,BUCHAN
9370,3885,BUCHAN SOUTH
9371,3885,BUTCHERS RIDGE
9372,3885,GELANTIPY
9373,3885,MOSSIFACE
9374,3885,MURRINDAL
9375,3885,SUGGAN BUGGAN
9376,3885,TAMBO UPPER
9377,3885,TIMBARRA
9378,3885,W TREE
9379,3885,WISELEIGH
9380,3885,WULGULMERANG
9381,3885,WULGULMERANG EAST
9382,3885,WULGULMERANG WEST
9383,3885,YALMY
9384,3886,NEWMERELLA
9385,3887,LAKE TYERS
9386,3887,NOWA NOWA
9387,3887,WAIREWA
9388,3888,BENDOC
9389,3888,BETE BOLONG
9390,3888,BETE BOLONG NORTH
9391,3888,BONANG
9392,3888,BRODRIBB RIVER
9393,3888,CABANANDRA
9394,3888,CAPE CONRAN
9395,3888,CORRINGLE
9396,3888,DEDDICK VALLEY
9397,3888,DELEGATE RIVER
9398,3888,DELEGATE RIVER EAST
9399,3888,DELLICKNORA
9400,3888,GOONGERAH
9401,3888,HAYDENS BOG
9402,3888,JARRAHMOND
9403,3888,LOCHEND
9404,3888,MARLO
9405,3888,MARTINS CREEK
9406,3888,NURRAN
9407,3888,OMEO VALLEY
9408,3888,ORBOST
9409,3888,SIMPSONS CREEK
9410,3888,TOSTAREE
9411,3888,TUBBUT
9412,3888,WAYGARA
9413,3888,WOMBAT CREEK
9414,3889,BELL BIRD CREEK
9415,3889,BELLBIRD CREEK
9416,3889,BEMM RIVER
9417,3889,CABBAGE TREE CREEK
9418,3889,CLUB TERRACE
9419,3889,COMBIENBAR
9420,3889,ERRINUNDRA
9421,3889,MANORINA
9422,3890,BULDAH
9423,3890,CANN RIVER
9424,3890,CHANDLERS CREEK
9425,3890,NOORINBEE
9426,3890,NOORINBEE NORTH
9427,3890,TAMBOON
9428,3890,TONGHI CREEK
9429,3890,WEERAGUA
9430,3891,GENOA
9431,3891,GIPSY POINT
9432,3891,MARAMINGO CREEK
9433,3891,WALLAGARAUGH
9434,3891,WANGARABELL
9435,3891,WINGAN RIVER
9436,3891,WROXHAM
9437,3892,MALLACOOTA
9438,3893,DOUBLE BRIDGES
9439,3893,STIRLING
9440,3893,TAMBO CROSSING
9441,3895,DOCTORS FLAT
9442,3895,ENSAY
9443,3895,ENSAY NORTH
9444,3895,REEDY CREEK
9445,3895,REEDY FLAT
9446,3896,BINDI
9447,3896,BROOKVILLE
9448,3896,NUNNIONG
9449,3896,SWIFTS CREEK
9450,3896,TONGIO
9451,3898,ANGLERS REST
9452,3898,BINGO
9453,3898,BINGO MUNJIE
9454,3898,BUNDARA
9455,3898,CASSILIS
9456,3898,COBUNGRA
9457,3898,DINNER PLAIN
9458,3898,GLEN VALLEY
9459,3898,GLEN WILLS
9460,3898,HINNOMUNJIE
9461,3898,OMEO
9462,3898,OMEO VALLEY
9463,3898,SHANNONVALE
9464,3900,BENAMBRA
9465,3900,COBBERAS
9466,3900,UPLANDS
9467,3902,BUMBERRAH
9468,3902,JOHNSONVILLE
9469,3903,SWAN REACH
9470,3904,METUNG
9471,3909,KALIMNA
9472,3909,KALIMNA WEST
9473,3909,LAKE BUNGA
9474,3909,LAKE TYERS BEACH
9475,3909,LAKES ENTRANCE
9476,3909,NUNGURNER
9477,3909,NYERIMILANG
9478,3909,TOORLOO ARM
9479,3910,LANGWARRIN
9480,3911,BAXTER
9481,3911,LANGWARRIN SOUTH
9482,3912,PEARCEDALE
9483,3912,SOMERVILLE
9484,3913,TYABB
9485,3915,HASTINGS
9486,3915,TUERONG
9487,3916,MERRICKS
9488,3916,POINT LEO
9489,3916,SHOREHAM
9490,3918,BITTERN
9491,3919,CRIB POINT
9492,3920,FLINDERS NAVAL DEPOT
9493,3920,HMAS CERBERUS
9494,3921,ELIZABETH ISLAND
9495,3921,FRENCH ISLAND
9496,3921,TANKERTON
9497,3922,COWES
9498,3922,SILVERLEAVES
9499,3922,SMITHS BEACH
9500,3922,SUMMERLANDS
9501,3922,SUNDERLAND BAY
9502,3922,SUNSET STRIP
9503,3922,SURF BEACH
9504,3922,VENTNOR
9505,3922,WIMBLEDON HEIGHTS
9506,3923,RHYLL
9507,3925,CAPE WOOLAMAI
9508,3925,CHURCHILL ISLAND
9509,3925,NEWHAVEN
9510,3925,SAN REMO
9511,3926,BALNARRING
9512,3926,BALNARRING BEACH
9513,3926,MERRICKS BEACH
9514,3926,MERRICKS NORTH
9515,3927,SOMERS
9516,3928,MAIN RIDGE
9517,3929,FLINDERS
9518,3930,KUNYUNG
9519,3930,MOUNT ELIZA
9520,3931,MORNINGTON
9521,3933,MOOROODUC
9522,3934,MOUNT MARTHA
9523,3936,ARTHURS SEAT
9524,3936,DROMANA
9525,3936,SAFETY BEACH
9526,3937,RED HILL
9527,3937,RED HILL SOUTH
9528,3938,MCCRAE
9529,3939,BONEO
9530,3939,CAPE SCHANCK
9531,3939,FINGAL
9532,3939,ROSEBUD
9533,3939,ROSEBUD PLAZA
9534,3940,CAPEL SOUND
9535,3940,ROSEBUD WEST
9536,3941,RYE
9537,3941,ST ANDREWS BEACH
9538,3941,TOOTGAROOK
9539,3942,BLAIRGOWRIE
9540,3943,SORRENTO
9541,3944,PORTSEA
9542,3945,BELLVIEW
9543,3945,JEETHO
9544,3945,KROWERA
9545,3945,LOCH
9546,3945,WOODLEIGH
9547,3946,BENA
9548,3950,KARDELLA SOUTH
9549,3950,KORUMBURRA
9550,3950,KORUMBURRA SOUTH
9551,3950,STRZELECKI
9552,3950,WHITELAW
9553,3951,ARAWATA
9554,3951,FAIRBANK
9555,3951,JUMBUNNA
9556,3951,KARDELLA
9557,3951,KONGWAK
9558,3951,MOYARRA
9559,3951,OUTTRIM
9560,3951,RANCEBY
9561,3953,BERRYS CREEK
9562,3953,BOOROOL
9563,3953,HALLSTON
9564,3953,KOOROOMAN
9565,3953,LEONGATHA
9566,3953,LEONGATHA NORTH
9567,3953,LEONGATHA SOUTH
9568,3953,MARDAN
9569,3953,MOUNT ECCLES
9570,3953,MOUNT ECCLES SOUTH
9571,3953,NERRENA
9572,3953,RUBY
9573,3953,TRIDA
9574,3953,WILD DOG VALLEY
9575,3953,WOOREEN
9576,3954,KOONWARRA
9577,3956,DUMBALK
9578,3956,DUMBALK NORTH
9579,3956,MEENIYAN
9580,3956,MIDDLE TARWIN
9581,3956,MIRBOO SOUTH
9582,3956,TARWIN
9583,3956,TARWIN LOWER
9584,3956,VENUS BAY
9585,3956,WALKERVILLE
9586,3956,WALKERVILLE NORTH
9587,3956,WALKERVILLE SOUTH
9588,3957,GRASSY SPUR
9589,3957,STONY CREEK
9590,3958,BUFFALO
9591,3958,BUFFALO CREEK
9592,3959,FISH CREEK
9593,3959,HODDLE
9594,3959,SANDY POINT
9595,3959,WARATAH BAY
9596,3959,WARATAH NORTH
9597,3960,BENNISON
9598,3960,BOOLARONG
9599,3960,FOSTER
9600,3960,FOSTER NORTH
9601,3960,GUNYAH
9602,3960,MOUNT BEST
9603,3960,RUMBUG
9604,3960,SHALLOW INLET
9605,3960,TIDAL RIVER
9606,3960,TURTONS CREEK
9607,3960,WILSONS PROMONTORY
9608,3960,WONGA
9609,3960,WOORARRA WEST
9610,3960,YANAKIE
9611,3962,AGNES
9612,3962,CHRISTIES
9613,3962,GRAND RIDGE
9614,3962,TOORA
9615,3962,TOORA NORTH
9616,3962,WONYIP
9617,3962,WOORARRA
9618,3962,WOORARRA EAST
9619,3964,PORT FRANKLIN
9620,3965,PORT WELSHPOOL
9621,3966,BINGINWARRI
9622,3966,HAZEL PARK
9623,3966,WELSHPOOL
9624,3967,HEDLEY
9625,3971,ALBERTON
9626,3971,ALBERTON WEST
9627,3971,BALOOK
9628,3971,BAROMI
9629,3971,CALROSSIE
9630,3971,DEVON NORTH
9631,3971,GELLIONDALE
9632,3971,HIAWATHA
9633,3971,HUNTERSTON
9634,3971,JACK RIVER
9635,3971,LANGSBOROUGH
9636,3971,MACKS CREEK
9637,3971,MADALYA
9638,3971,MANNS BEACH
9639,3971,PORT ALBERT
9640,3971,ROBERTSONS BEACH
9641,3971,SNAKE ISLAND
9642,3971,STACEYS BRIDGE
9643,3971,TARRA VALLEY
9644,3971,TARRAVILLE
9645,3971,WON WRON
9646,3971,YARRAM
9647,3975,LYNBROOK
9648,3975,LYNDHURST
9649,3976,HAMPTON PARK
9650,3977,BOTANIC RIDGE
9651,3977,CANNONS CREEK
9652,3977,CRANBOURNE
9653,3977,CRANBOURNE EAST
9654,3977,CRANBOURNE NORTH
9655,3977,CRANBOURNE SOUTH
9656,3977,CRANBOURNE WEST
9657,3977,DEVON MEADOWS
9658,3977,FIVE WAYS
9659,3977,JUNCTION VILLAGE
9660,3977,SANDHURST
9661,3977,SKYE
9662,3978,CARDINIA
9663,3978,CLYDE
9664,3978,CLYDE NORTH
9665,3979,ALMURTA
9666,3979,GLEN ALVIE
9667,3979,KERNOT
9668,3979,KORRINE
9669,3980,BLIND BIGHT
9670,3980,TOORADIN
9671,3980,WARNEET
9672,3981,BAYLES
9673,3981,CATANI
9674,3981,DALMORE
9675,3981,HEATH HILL
9676,3981,KOO WEE RUP
9677,3981,KOO WEE RUP NORTH
9678,3981,YANNATHAN
9679,3984,ADAMS ESTATE
9680,3984,CALDERMEADE
9681,3984,CORINELLA
9682,3984,CORONET BAY
9683,3984,GRANTVILLE
9684,3984,JAM JERRUP
9685,3984,LANG LANG
9686,3984,LANG LANG EAST
9687,3984,MONOMEITH
9688,3984,PIONEER BAY
9689,3984,QUEENSFERRY
9690,3984,TENBY POINT
9691,3984,THE GURDIES
9692,3987,NYORA
9693,3988,MOUNTAIN VIEW
9694,3988,POOWONG
9695,3988,POOWONG EAST
9696,3988,POOWONG NORTH
9697,3989,ST HELIER
9698,3990,GLEN FORBES
9699,3991,BASS
9700,3992,BLACKWOOD FOREST
9701,3992,DALYSTON
9702,3992,RYANSTON
9703,3992,WEST CREEK
9704,3995,ANDERSON
9705,3995,ARCHIES CREEK
9706,3995,CAPE PATERSON
9707,3995,HARMERS HAVEN
9708,3995,HICKSBOROUGH
9709,3995,KILCUNDA
9710,3995,LANCE CREEK
9711,3995,NORTH WONTHAGGI
9712,3995,POWLETT RIVER
9713,3995,SOUTH DUDLEY
9714,3995,ST CLAIR
9715,3995,WATTLE BANK
9716,3995,WONTHAGGI
9717,3995,WOOLAMAI
9718,3996,INVERLOCH
9719,3996,POUND CREEK
18505,8001,MELBOURNE
18506,8002,EAST MELBOURNE
18507,8003,COLLINS STREET EAST
18508,8004,ST KILDA ROAD
18509,8005,WORLD TRADE CENTRE
18510,8006,ABECKETT STREET
18511,8007,COLLINS STREET WEST
18512,8008,ST KILDA ROAD CENTRAL
18513,8009,FLINDERS LANE
18514,8010,LAW COURTS
18515,8011,LITTLE LONSDALE STREET
18516,8012,DOCKLANDS
18517,8045,MELBOURNE
18518,8051,MELBOURNE
18519,8066,MELBOURNE
18520,8069,MELBOURNE
18521,8070,MELBOURNE
18522,8071,MELBOURNE
18523,8102,MELBOURNE
18524,8107,MELBOURNE
18525,8111,MELBOURNE
18526,8120,MELBOURNE
18527,8205,MELBOURNE
18528,8383,MELBOURNE
18529,8438,SUNSHINE WEST
18530,8511,SUNSHINE WEST
18531,8785,DANDENONG
18532,8785,DANDENONG SOUTH
18544,9999,NORTH POLE
